utc,filter,pm,lat,lon
1302216777,2.5,0.012,37.810828,-122.299723
1302216778,2.5,0.011,37.81082,-122.299733
1302216779,2.5,0.012,37.810697,-122.299598
1302216780,2.5,0.012,37.810763,-122.299717
1302216781,2.5,0.013,37.810768,-122.299742
1302216782,2.5,0.014,37.81079,-122.299793
1302216783,2.5,0.014,37.810787,-122.299813
1302216784,2.5,0.013,37.810772,-122.299818
1302216785,2.5,0.013,37.810757,-122.299825
1302216786,2.5,0.011,37.810745,-122.299833
1302216787,2.5,0.011,37.810733,-122.299837
1302216788,2.5,0.011,37.81072,-122.29983
1302216789,2.5,0.01,37.810708,-122.299842
1302216790,2.5,0.01,37.810697,-122.299852
1302216791,2.5,0.011,37.810685,-122.299865
1302216792,2.5,0.012,37.810675,-122.299882
1302216793,2.5,0.012,37.810667,-122.299903
1302216794,2.5,0.01,37.810655,-122.299915
1302216795,2.5,0.011,37.810648,-122.299952
1302216796,2.5,0.01,37.810628,-122.299893
1302216797,2.5,0.009,37.810618,-122.299915
1302216798,2.5,0.011,37.810608,-122.299928
1302216799,2.5,0.012,37.810595,-122.299923
1302216800,2.5,0.012,37.810585,-122.299935
1302216801,2.5,0.009,37.810575,-122.299948
1302216802,2.5,0.011,37.810563,-122.299958
1302216803,2.5,0.009,37.810553,-122.299972
1302216804,2.5,0.008,37.810542,-122.299977
1302216805,2.5,0.011,37.81053,-122.299988
1302216806,2.5,0.01,37.810518,-122.299993
1302216807,2.5,0.01,37.810508,-122.300003
1302216808,2.5,0.009,37.810497,-122.300015
1302216809,2.5,0.009,37.810487,-122.300023
1302216810,2.5,0.008,37.810475,-122.300032
1302216811,2.5,0.008,37.810463,-122.300042
1302216812,2.5,0.009,37.810453,-122.300052
1302216813,2.5,0.009,37.810442,-122.300062
1302216814,2.5,0.009,37.81043,-122.300068
1302216815,2.5,0.009,37.81042,-122.300078
1302216816,2.5,0.008,37.810408,-122.300085
1302216817,2.5,0.009,37.810398,-122.30009
1302216818,2.5,0.01,37.810387,-122.300097
1302216819,2.5,0.009,37.810375,-122.300103
1302216820,2.5,0.009,37.810373,-122.300177
1302216821,2.5,0.01,37.810367,-122.300205
1302216822,2.5,0.009,37.810352,-122.300197
1302216823,2.5,0.01,37.810338,-122.30019
1302216824,2.5,0.008,37.810325,-122.300198
1302216825,2.5,0.009,37.810315,-122.300212
1302216826,2.5,0.009,37.810312,-122.300208
1302216827,2.5,0.008,37.810295,-122.300207
1302216828,2.5,0.008,37.810292,-122.300273
1302216829,2.5,0.008,37.810265,-122.30018
1302216830,2.5,0.009,37.810223,-122.300157
1302216831,2.5,0.012,37.810202,-122.300068
1302216832,2.5,0.009,37.81011,-122.299888
1302216833,2.5,0.009,37.810293,-122.300062
1302216834,2.5,0.009,37.810302,-122.299988
1302216835,2.5,0.008,37.810287,-122.299962
1302216836,2.5,0.009,37.8102,-122.300012
1302216837,2.5,0.009,37.810448,-122.300087
1302216838,2.5,0.009,37.81039,-122.300008
1302216839,2.5,0.011,37.810265,-122.2999
1302216840,2.5,0.013,37.810035,-122.299772
1302216841,2.5,0.01,37.810063,-122.299798
1302216842,2.5,0.009,37.810143,-122.299785
1302216843,2.5,0.01,37.810318,-122.299877
1302216844,2.5,0.012,37.810285,-122.299855
1302216845,2.5,0.01,37.81029,-122.300063
1302216846,2.5,0.009,37.810347,-122.299882
1302216847,2.5,0.009,37.81022,-122.299717
1302216848,2.5,0.008,37.810315,-122.299805
1302216849,2.5,0.008,37.810245,-122.299657
1302216850,2.5,0.008,37.81033,-122.299802
1302216851,2.5,0.01,37.810333,-122.299828
1302216852,2.5,0.01,37.810377,-122.299862
1302216853,2.5,0.009,37.810432,-122.299712
1302216854,2.5,0.008,37.810437,-122.299828
1302216855,2.5,0.009,37.81036,-122.299743
1302216856,2.5,0.011,37.81045,-122.299807
1302216857,2.5,0.01,37.810287,-122.299698
1302216858,2.5,0.009,37.810295,-122.299832
1302216859,2.5,0.009,37.810085,-122.299552
1302216860,2.5,0.009,37.810195,-122.299705
1302216861,2.5,0.009,37.81002,-122.299498
1302216862,2.5,0.008,37.810023,-122.299508
1302216863,2.5,0.007,37.810062,-122.299668
1302216864,2.5,0.008,37.810072,-122.29965
1302216865,2.5,0.009,37.81007,-122.29968
1302216866,2.5,0.009,37.809962,-122.299523
1302216867,2.5,0.009,37.809895,-122.299423
1302216868,2.5,0.01,37.809992,-122.299493
1302216869,2.5,0.008,37.809913,-122.299633
1302216870,2.5,0.007,37.810058,-122.29955
1302216871,2.5,0.008,37.80993,-122.299422
1302216872,2.5,0.008,37.809985,-122.299472
1302216873,2.5,0.008,37.809977,-122.299592
1302216874,2.5,0.009,37.809908,-122.299402
1302216875,2.5,0.009,37.809882,-122.299557
1302216876,2.5,0.01,37.809813,-122.299545
1302216877,2.5,0.01,37.80975,-122.29947
1302216878,2.5,0.011,37.809802,-122.299538
1302216879,2.5,0.01,37.809813,-122.299382
1302216880,2.5,0.008,37.809792,-122.299337
1302216881,2.5,0.009,37.809762,-122.299328
1302216882,2.5,0.008,37.809903,-122.299538
1302216883,2.5,0.008,37.809998,-122.299375
1302216884,2.5,0.009,37.809947,-122.299315
1302216885,2.5,0.009,37.809935,-122.299353
1302216886,2.5,0.008,37.80986,-122.299175
1302216887,2.5,0.008,37.809838,-122.299113
1302216888,2.5,0.009,37.809893,-122.299068
1302216889,2.5,0.01,37.809988,-122.299085
1302216890,2.5,0.01,37.809818,-122.299197
1302216891,2.5,0.01,37.809768,-122.29917
1302216892,2.5,0.007,37.809672,-122.299063
1302216893,2.5,0.007,37.809687,-122.299152
1302216894,2.5,0.008,37.809718,-122.299095
1302216895,2.5,0.008,37.809802,-122.299305
1302216896,2.5,0.007,37.809912,-122.29929
1302216897,2.5,0.008,37.809837,-122.299108
1302216898,2.5,0.009,37.809613,-122.29917
1302216899,2.5,0.008,37.80966,-122.299143
1302216900,2.5,0.007,37.80966,-122.299135
1302216901,2.5,0.008,37.809682,-122.299115
1302216902,2.5,0.009,37.809755,-122.29906
1302216903,2.5,0.009,37.809755,-122.299023
1302216904,2.5,0.01,37.809793,-122.298987
1302216905,2.5,0.009,37.809802,-122.298972
1302216906,2.5,0.008,37.809835,-122.29894
1302216907,2.5,0.007,37.809863,-122.298917
1302216908,2.5,0.007,37.809907,-122.298878
1302216909,2.5,0.007,37.809933,-122.298863
1302216910,2.5,0.007,37.809903,-122.298885
1302216911,2.5,0.007,37.809863,-122.298917
1302216912,2.5,0.008,37.809837,-122.298937
1302216913,2.5,0.007,37.809827,-122.298937
1302216914,2.5,0.007,37.809828,-122.298938
1302216915,2.5,0.008,37.809807,-122.298958
1302216916,2.5,0.007,37.809778,-122.298973
1302216917,2.5,0.007,37.809752,-122.298993
1302216918,2.5,0.007,37.809707,-122.299017
1302216919,2.5,0.006,37.809675,-122.299037
1302216920,2.5,0.007,37.80965,-122.299055
1302216921,2.5,0.008,37.80963,-122.299077
1302216922,2.5,0.009,37.809612,-122.29909
1302216923,2.5,0.009,37.809592,-122.299102
1302216924,2.5,0.008,37.809573,-122.299113
1302216925,2.5,0.007,37.809557,-122.29913
1302216926,2.5,0.006,37.809542,-122.299145
1302216927,2.5,0.006,37.809528,-122.299148
1302216928,2.5,0.007,37.809515,-122.299158
1302216929,2.5,0.008,37.809502,-122.29917
1302216930,2.5,0.008,37.809487,-122.299183
1302216931,2.5,0.007,37.809473,-122.299198
1302216932,2.5,0.007,37.809458,-122.299213
1302216933,2.5,0.008,37.809442,-122.299225
1302216934,2.5,0.009,37.809422,-122.299247
1302216935,2.5,0.009,37.8094,-122.299253
1302216936,2.5,0.007,37.809382,-122.299258
1302216937,2.5,0.008,37.809368,-122.299257
1302216938,2.5,0.008,37.809358,-122.299268
1302216939,2.5,0.008,37.809347,-122.299277
1302216940,2.5,0.009,37.809328,-122.299293
1302216941,2.5,0.008,37.80932,-122.299315
1302216942,2.5,0.006,37.809307,-122.299338
1302216943,2.5,0.007,37.809293,-122.299353
1302216944,2.5,0.007,37.809283,-122.299355
1302216945,2.5,0.007,37.809272,-122.29936
1302216946,2.5,0.008,37.809262,-122.29937
1302216947,2.5,0.009,37.809252,-122.299375
1302216948,2.5,0.01,37.80924,-122.299382
1302216949,2.5,0.009,37.80923,-122.299397
1302216950,2.5,0.008,37.80922,-122.299405
1302216951,2.5,0.008,37.809208,-122.299415
1302216952,2.5,0.006,37.809198,-122.29943
1302216953,2.5,0.006,37.809188,-122.29944
1302216954,2.5,0.006,37.809178,-122.299448
1302216955,2.5,0.008,37.809168,-122.299458
1302216956,2.5,0.006,37.809157,-122.299477
1302216957,2.5,0.007,37.809147,-122.29948
1302216958,2.5,0.006,37.809135,-122.299492
1302216959,2.5,0.006,37.809123,-122.299503
1302216960,2.5,0.007,37.80911,-122.299518
1302216961,2.5,0.007,37.809095,-122.299542
1302216962,2.5,0.007,37.809078,-122.299562
1302216963,2.5,0.008,37.809072,-122.299558
1302216964,2.5,0.008,37.809058,-122.299563
1302216965,2.5,0.008,37.809048,-122.299565
1302216966,2.5,0.007,37.809037,-122.299578
1302216967,2.5,0.007,37.809025,-122.299588
1302216968,2.5,0.007,37.809013,-122.299597
1302216969,2.5,0.008,37.809003,-122.299602
1302216970,2.5,0.008,37.80899,-122.299613
1302216971,2.5,0.008,37.808978,-122.299622
1302216972,2.5,0.008,37.808965,-122.29963
1302216973,2.5,0.007,37.808953,-122.299643
1302216974,2.5,0.008,37.808945,-122.299645
1302216975,2.5,0.007,37.808933,-122.299643
1302216976,2.5,0.007,37.808925,-122.299652
1302216977,2.5,0.007,37.808915,-122.299662
1302216978,2.5,0.007,37.808903,-122.299667
1302216979,2.5,0.006,37.808893,-122.299673
1302216980,2.5,0.006,37.808887,-122.299682
1302216981,2.5,0.007,37.808875,-122.299687
1302216982,2.5,0.006,37.808865,-122.299692
1302216983,2.5,0.005,37.808857,-122.299693
1302216984,2.5,0.006,37.808837,-122.299708
1302216985,2.5,0.006,37.808827,-122.299715
1302216986,2.5,0.006,37.808818,-122.299712
1302216987,2.5,0.006,37.808808,-122.299715
1302216988,2.5,0.005,37.808797,-122.299718
1302216989,2.5,0.006,37.808787,-122.299728
1302216990,2.5,0.007,37.808778,-122.299737
1302216991,2.5,0.007,37.80877,-122.299742
1302216992,2.5,0.006,37.808763,-122.299748
1302216993,2.5,0.008,37.808753,-122.299748
1302216994,2.5,0.008,37.808745,-122.29976
1302216995,2.5,0.006,37.808733,-122.299775
1302216996,2.5,0.007,37.808723,-122.299788
1302216997,2.5,0.007,37.808717,-122.299793
1302216998,2.5,0.007,37.808707,-122.299803
1302216999,2.5,0.006,37.808695,-122.299817
1302217000,2.5,0.008,37.808685,-122.299827
1302217001,2.5,0.01,37.808673,-122.299835
1302217002,2.5,0.009,37.808663,-122.29985
1302217003,2.5,0.008,37.80865,-122.299863
1302217004,2.5,0.007,37.808642,-122.299868
1302217005,2.5,0.006,37.80863,-122.299878
1302217006,2.5,0.006,37.808618,-122.299883
1302217007,2.5,0.007,37.808605,-122.29989
1302217008,2.5,0.007,37.808597,-122.299902
1302217009,2.5,0.007,37.808588,-122.299913
1302217010,2.5,0.006,37.808578,-122.299922
1302217011,2.5,0.006,37.808558,-122.29994
1302217012,2.5,0.006,37.808543,-122.299945
1302217013,2.5,0.005,37.808528,-122.299953
1302217014,2.5,0.007,37.808513,-122.299965
1302217015,2.5,0.006,37.8085,-122.299973
1302217016,2.5,0.006,37.808487,-122.299982
1302217017,2.5,0.006,37.808477,-122.299992
1302217018,2.5,0.006,37.808465,-122.300005
1302217019,2.5,0.007,37.808453,-122.300017
1302217020,2.5,0.007,37.808443,-122.300032
1302217021,2.5,0.007,37.808425,-122.300047
1302217022,2.5,0.007,37.808407,-122.300062
1302217023,2.5,0.007,37.80837,-122.300087
1302217024,2.5,0.007,37.808352,-122.300097
1302217025,2.5,0.006,37.808333,-122.300113
1302217026,2.5,0.006,37.80832,-122.300117
1302217027,2.5,0.006,37.808307,-122.300123
1302217028,2.5,0.006,37.808295,-122.300127
1302217029,2.5,0.006,37.808282,-122.300132
1302217030,2.5,0.006,37.808268,-122.300148
1302217031,2.5,0.006,37.808253,-122.300167
1302217032,2.5,0.005,37.808242,-122.300167
1302217033,2.5,0.007,37.80823,-122.30017
1302217034,2.5,0.007,37.808218,-122.300182
1302217035,2.5,0.007,37.808205,-122.300202
1302217036,2.5,0.007,37.808193,-122.300215
1302217037,2.5,0.007,37.808182,-122.300233
1302217038,2.5,0.006,37.80817,-122.300248
1302217039,2.5,0.005,37.808158,-122.300262
1302217040,2.5,0.006,37.80815,-122.300272
1302217041,2.5,0.006,37.80814,-122.30028
1302217042,2.5,0.007,37.808132,-122.300285
1302217043,2.5,0.006,37.808117,-122.300292
1302217044,2.5,0.005,37.808103,-122.300302
1302217045,2.5,0.008,37.80809,-122.300312
1302217046,2.5,0.009,37.80808,-122.300318
1302217047,2.5,0.006,37.808068,-122.300318
1302217048,2.5,0.006,37.808057,-122.300323
1302217049,2.5,0.007,37.808045,-122.300333
1302217050,2.5,0.007,37.808033,-122.300345
1302217051,2.5,0.006,37.808022,-122.300358
1302217052,2.5,0.005,37.80801,-122.300363
1302217053,2.5,0.006,37.808,-122.300367
1302217054,2.5,0.007,37.807988,-122.300375
1302217055,2.5,0.008,37.807975,-122.300395
1302217056,2.5,0.01,37.807962,-122.300418
1302217057,2.5,0.01,37.80795,-122.300423
1302217058,2.5,0.006,37.807938,-122.300442
1302217059,2.5,0.006,37.807927,-122.300448
1302217060,2.5,0.006,37.807915,-122.300452
1302217061,2.5,0.006,37.807903,-122.300462
1302217062,2.5,0.006,37.807892,-122.300473
1302217063,2.5,0.005,37.80788,-122.300487
1302217064,2.5,0.006,37.807868,-122.3005
1302217065,2.5,0.006,37.807857,-122.300508
1302217066,2.5,0.006,37.807845,-122.300527
1302217067,2.5,0.007,37.807833,-122.300535
1302217068,2.5,0.006,37.807822,-122.300545
1302217069,2.5,0.007,37.807812,-122.300552
1302217070,2.5,0.007,37.8078,-122.300553
1302217071,2.5,0.007,37.807788,-122.300552
1302217072,2.5,0.007,37.807777,-122.300565
1302217073,2.5,0.007,37.807763,-122.300567
1302217074,2.5,0.007,37.80775,-122.300573
1302217075,2.5,0.007,37.807737,-122.300585
1302217076,2.5,0.006,37.807723,-122.300598
1302217077,2.5,0.007,37.80771,-122.300602
1302217078,2.5,0.006,37.807698,-122.300613
1302217079,2.5,0.007,37.807687,-122.300618
1302217080,2.5,0.007,37.807672,-122.300627
1302217081,2.5,0.007,37.807657,-122.300643
1302217082,2.5,0.007,37.807643,-122.300652
1302217083,2.5,0.007,37.807632,-122.300647
1302217084,2.5,0.008,37.80762,-122.300647
1302217085,2.5,0.008,37.80761,-122.300657
1302217086,2.5,0.008,37.807598,-122.300657
1302217087,2.5,0.007,37.807587,-122.300653
1302217088,2.5,0.007,37.807572,-122.300657
1302217089,2.5,0.006,37.807558,-122.300655
1302217090,2.5,0.007,37.807543,-122.30067
1302217091,2.5,0.007,37.807528,-122.300682
1302217092,2.5,0.007,37.807515,-122.300697
1302217093,2.5,0.007,37.807502,-122.300702
1302217094,2.5,0.006,37.807488,-122.300718
1302217095,2.5,0.007,37.807473,-122.300727
1302217096,2.5,0.009,37.807457,-122.300735
1302217097,2.5,0.01,37.807442,-122.30074
1302217098,2.5,0.008,37.807425,-122.30074
1302217099,2.5,0.008,37.807408,-122.300732
1302217100,2.5,0.008,37.807395,-122.300728
1302217101,2.5,0.008,37.807382,-122.30073
1302217102,2.5,0.007,37.80737,-122.300733
1302217103,2.5,0.007,37.807357,-122.300727
1302217104,2.5,0.008,37.807343,-122.300727
1302217105,2.5,0.007,37.807328,-122.300727
1302217106,2.5,0.007,37.807315,-122.30073
1302217107,2.5,0.008,37.807302,-122.300732
1302217108,2.5,0.008,37.80729,-122.300732
1302217109,2.5,0.006,37.807278,-122.300735
1302217110,2.5,0.006,37.807267,-122.300738
1302217111,2.5,0.006,37.807255,-122.300743
1302217112,2.5,0.007,37.807243,-122.300742
1302217113,2.5,0.007,37.807235,-122.300752
1302217114,2.5,0.007,37.807225,-122.300753
1302217115,2.5,0.007,37.80721,-122.30076
1302217116,2.5,0.006,37.807197,-122.300768
1302217117,2.5,0.007,37.807185,-122.300777
1302217118,2.5,0.008,37.807172,-122.300783
1302217119,2.5,0.006,37.807158,-122.300787
1302217120,2.5,0.006,37.807147,-122.300788
1302217121,2.5,0.007,37.807132,-122.300792
1302217122,2.5,0.006,37.807122,-122.300797
1302217123,2.5,0.005,37.807108,-122.300805
1302217124,2.5,0.008,37.807097,-122.300812
1302217125,2.5,0.008,37.807083,-122.300817
1302217126,2.5,0.006,37.80707,-122.300817
1302217127,2.5,0.007,37.807053,-122.300827
1302217128,2.5,0.007,37.807038,-122.300835
1302217129,2.5,0.007,37.807027,-122.300848
1302217130,2.5,0.007,37.807015,-122.300852
1302217131,2.5,0.007,37.807,-122.300868
1302217132,2.5,0.007,37.806985,-122.30088
1302217133,2.5,0.007,37.80697,-122.300903
1302217134,2.5,0.007,37.806955,-122.300908
1302217135,2.5,0.007,37.80694,-122.300912
1302217136,2.5,0.006,37.806923,-122.300932
1302217137,2.5,0.007,37.806908,-122.30095
1302217138,2.5,0.006,37.806892,-122.300968
1302217139,2.5,0.006,37.806875,-122.300993
1302217140,2.5,0.008,37.80686,-122.301
1302217141,2.5,0.008,37.806845,-122.301013
1302217142,2.5,0.007,37.80683,-122.301023
1302217143,2.5,0.007,37.806817,-122.301032
1302217144,2.5,0.007,37.806805,-122.301027
1302217145,2.5,0.007,37.806793,-122.301023
1302217146,2.5,0.007,37.806788,-122.301033
1302217147,2.5,0.007,37.806795,-122.301035
1302217148,2.5,0.008,37.806805,-122.301037
1302217149,2.5,0.009,37.806818,-122.30104
1302217150,2.5,0.008,37.80683,-122.301047
1302217151,2.5,0.008,37.80684,-122.301055
1302217152,2.5,0.009,37.806853,-122.301067
1302217153,2.5,0.007,37.806863,-122.301078
1302217154,2.5,0.006,37.806867,-122.301088
1302217155,2.5,0.006,37.80687,-122.301102
1302217156,2.5,0.007,37.806873,-122.301118
1302217157,2.5,0.008,37.806878,-122.301132
1302217158,2.5,0.008,37.806885,-122.301145
1302217159,2.5,0.007,37.806892,-122.301158
1302217160,2.5,0.007,37.80689,-122.301177
1302217161,2.5,0.007,37.806887,-122.30119
1302217162,2.5,0.008,37.80689,-122.3012
1302217163,2.5,0.007,37.806893,-122.301212
1302217164,2.5,0.007,37.8069,-122.301222
1302217165,2.5,0.007,37.806902,-122.301235
1302217166,2.5,0.007,37.8069,-122.30124
1302217167,2.5,0.008,37.8069,-122.301252
1302217168,2.5,0.007,37.806898,-122.301267
1302217169,2.5,0.007,37.806898,-122.301275
1302217170,2.5,0.008,37.806893,-122.30129
1302217171,2.5,0.008,37.806888,-122.301303
1302217172,2.5,0.007,37.806875,-122.301305
1302217173,2.5,0.007,37.806873,-122.301332
1302217174,2.5,0.008,37.806872,-122.301357
1302217175,2.5,0.008,37.806883,-122.301387
1302217176,2.5,0.008,37.806898,-122.301412
1302217177,2.5,0.008,37.806905,-122.30143
1302217178,2.5,0.008,37.806912,-122.301463
1302217179,2.5,0.009,37.806915,-122.301483
1302217180,2.5,0.01,37.806915,-122.301505
1302217181,2.5,0.009,37.806913,-122.301533
1302217182,2.5,0.009,37.80691,-122.301558
1302217183,2.5,0.008,37.80691,-122.301567
1302217184,2.5,0.008,37.806912,-122.301577
1302217185,2.5,0.007,37.80691,-122.301593
1302217186,2.5,0.007,37.806918,-122.3016
1302217187,2.5,0.007,37.806928,-122.301615
1302217188,2.5,0.006,37.806938,-122.301623
1302217189,2.5,0.007,37.806947,-122.301623
1302217190,2.5,0.007,37.806965,-122.301642
1302217191,2.5,0.008,37.806975,-122.301655
1302217192,2.5,0.007,37.806985,-122.301672
1302217193,2.5,0.007,37.806998,-122.301688
1302217194,2.5,0.008,37.807008,-122.301705
1302217195,2.5,0.008,37.807018,-122.301722
1302217196,2.5,0.007,37.807027,-122.301742
1302217197,2.5,0.008,37.807037,-122.301755
1302217198,2.5,0.007,37.80704,-122.301773
1302217199,2.5,0.008,37.807048,-122.301792
1302217200,2.5,0.009,37.807065,-122.301807
1302217201,2.5,0.009,37.807075,-122.301823
1302217202,2.5,0.011,37.807078,-122.301843
1302217203,2.5,0.01,37.807077,-122.301867
1302217204,2.5,0.008,37.807082,-122.301878
1302217205,2.5,0.007,37.807083,-122.301895
1302217206,2.5,0.007,37.807092,-122.30191
1302217207,2.5,0.008,37.807098,-122.301927
1302217208,2.5,0.007,37.807107,-122.301942
1302217209,2.5,0.006,37.807115,-122.301953
1302217210,2.5,0.007,37.807125,-122.301967
1302217211,2.5,0.007,37.807127,-122.301985
1302217212,2.5,0.007,37.807132,-122.302
1302217213,2.5,0.008,37.807143,-122.302013
1302217214,2.5,0.01,37.80715,-122.30203
1302217215,2.5,0.01,37.807152,-122.302048
1302217216,2.5,0.009,37.807158,-122.302063
1302217217,2.5,0.007,37.807167,-122.302078
1302217218,2.5,0.006,37.807175,-122.302092
1302217219,2.5,0.007,37.807175,-122.30211
1302217220,2.5,0.008,37.80718,-122.302128
1302217221,2.5,0.006,37.807185,-122.302145
1302217222,2.5,0.007,37.807195,-122.302158
1302217223,2.5,0.008,37.807205,-122.30217
1302217224,2.5,0.01,37.807215,-122.30218
1302217225,2.5,0.009,37.807227,-122.302188
1302217226,2.5,0.008,37.807235,-122.302195
1302217227,2.5,0.009,37.807242,-122.302198
1302217228,2.5,0.008,37.807255,-122.302197
1302217229,2.5,0.007,37.807267,-122.302198
1302217230,2.5,0.007,37.807268,-122.302193
1302217231,2.5,0.008,37.807283,-122.302187
1302217232,2.5,0.008,37.80729,-122.302182
1302217233,2.5,0.009,37.807305,-122.30218
1302217234,2.5,0.008,37.807322,-122.302175
1302217235,2.5,0.009,37.807332,-122.302168
1302217236,2.5,0.008,37.807345,-122.302162
1302217237,2.5,0.007,37.80736,-122.302153
1302217238,2.5,0.008,37.80737,-122.302145
1302217239,2.5,0.009,37.807383,-122.302137
1302217240,2.5,0.008,37.807397,-122.302135
1302217241,2.5,0.007,37.807415,-122.302133
1302217242,2.5,0.006,37.807427,-122.302132
1302217243,2.5,0.008,37.80744,-122.302127
1302217244,2.5,0.009,37.807452,-122.302123
1302217245,2.5,0.007,37.807467,-122.302117
1302217246,2.5,0.007,37.807483,-122.302113
1302217247,2.5,0.007,37.807498,-122.302105
1302217248,2.5,0.005,37.807508,-122.302102
1302217249,2.5,0.007,37.807513,-122.302095
1302217250,2.5,0.008,37.807513,-122.302092
1302217251,2.5,0.007,37.807512,-122.302087
1302217252,2.5,0.005,37.807532,-122.302088
1302217253,2.5,0.005,37.80755,-122.302085
1302217254,2.5,0.005,37.807573,-122.302078
1302217255,2.5,0.006,37.807593,-122.302077
1302217256,2.5,0.006,37.807618,-122.302083
1302217257,2.5,0.004,37.807628,-122.302085
1302217258,2.5,0.005,37.807643,-122.302083
1302217259,2.5,0.006,37.80765,-122.30208
1302217260,2.5,0.006,37.807668,-122.302072
1302217261,2.5,0.006,37.80768,-122.302065
1302217262,2.5,0.006,37.80769,-122.302058
1302217263,2.5,0.006,37.807703,-122.302058
1302217264,2.5,0.005,37.807718,-122.302058
1302217265,2.5,0.005,37.807728,-122.302053
1302217266,2.5,0.005,37.807745,-122.302048
1302217267,2.5,0.006,37.807767,-122.302043
1302217268,2.5,0.007,37.807788,-122.302038
1302217269,2.5,0.006,37.807807,-122.302037
1302217270,2.5,0.006,37.807825,-122.302025
1302217271,2.5,0.006,37.807837,-122.302013
1302217272,2.5,0.007,37.807845,-122.302002
1302217273,2.5,0.008,37.80785,-122.301995
1302217274,2.5,0.007,37.80786,-122.30199
1302217275,2.5,0.007,37.807863,-122.301975
1302217276,2.5,0.006,37.807868,-122.301968
1302217277,2.5,0.007,37.807878,-122.301962
1302217278,2.5,0.006,37.807887,-122.301958
1302217279,2.5,0.005,37.807892,-122.301938
1302217280,2.5,0.006,37.807895,-122.301915
1302217281,2.5,0.006,37.80789,-122.301887
1302217282,2.5,0.007,37.807887,-122.301858
1302217283,2.5,0.007,37.807883,-122.30185
1302217284,2.5,0.007,37.807882,-122.301842
1302217285,2.5,0.007,37.807885,-122.301837
1302217286,2.5,0.007,37.807887,-122.301827
1302217287,2.5,0.007,37.807883,-122.301813
1302217288,2.5,0.007,37.80788,-122.301798
1302217289,2.5,0.008,37.80788,-122.301787
1302217290,2.5,0.007,37.80787,-122.301763
1302217291,2.5,0.006,37.807867,-122.301748
1302217292,2.5,0.006,37.807868,-122.301737
1302217293,2.5,0.006,37.807865,-122.301722
1302217294,2.5,0.007,37.807865,-122.30171
1302217295,2.5,0.007,37.807865,-122.3017
1302217296,2.5,0.006,37.807867,-122.301692
1302217297,2.5,0.006,37.80787,-122.301677
1302217298,2.5,0.007,37.807867,-122.30166
1302217299,2.5,0.007,37.807867,-122.301645
1302217300,2.5,0.006,37.807867,-122.301632
1302217301,2.5,0.006,37.807865,-122.301615
1302217302,2.5,0.007,37.80786,-122.3016
1302217303,2.5,0.007,37.807853,-122.301583
1302217304,2.5,0.008,37.807848,-122.301567
1302217305,2.5,0.007,37.807842,-122.301552
1302217306,2.5,0.008,37.807835,-122.301532
1302217307,2.5,0.008,37.80784,-122.301518
1302217308,2.5,0.007,37.807835,-122.301502
1302217309,2.5,0.007,37.807828,-122.30148
1302217310,2.5,0.008,37.807828,-122.301467
1302217311,2.5,0.009,37.807827,-122.301453
1302217312,2.5,0.007,37.807813,-122.301432
1302217313,2.5,0.006,37.8078,-122.30141
1302217314,2.5,0.006,37.807788,-122.301392
1302217315,2.5,0.007,37.807792,-122.301387
1302217316,2.5,0.007,37.807783,-122.30137
1302217317,2.5,0.009,37.807775,-122.301352
1302217318,2.5,0.007,37.807767,-122.301332
1302217319,2.5,0.008,37.807767,-122.301322
1302217320,2.5,0.009,37.80776,-122.3013
1302217321,2.5,0.008,37.80776,-122.301292
1302217322,2.5,0.007,37.807753,-122.30127
1302217323,2.5,0.009,37.807752,-122.301253
1302217324,2.5,0.008,37.807747,-122.301238
1302217325,2.5,0.007,37.807742,-122.301222
1302217326,2.5,0.007,37.807737,-122.301202
1302217327,2.5,0.006,37.807733,-122.301195
1302217328,2.5,0.006,37.807737,-122.301188
1302217329,2.5,0.006,37.807737,-122.301177
1302217330,2.5,0.008,37.807735,-122.301163
1302217331,2.5,0.009,37.807725,-122.301145
1302217332,2.5,0.007,37.807713,-122.30112
1302217333,2.5,0.007,37.807713,-122.3011
1302217334,2.5,0.006,37.807722,-122.30108
1302217335,2.5,0.006,37.807703,-122.30106
1302217336,2.5,0.007,37.807695,-122.301048
1302217337,2.5,0.006,37.8077,-122.301038
1302217338,2.5,0.007,37.807698,-122.301025
1302217339,2.5,0.007,37.807698,-122.301008
1302217340,2.5,0.007,37.807698,-122.30099
1302217341,2.5,0.006,37.807697,-122.300975
1302217342,2.5,0.005,37.807692,-122.300958
1302217343,2.5,0.006,37.807692,-122.300945
1302217344,2.5,0.007,37.80768,-122.300925
1302217345,2.5,0.006,37.80767,-122.300907
1302217346,2.5,0.007,37.80766,-122.300885
1302217347,2.5,0.007,37.807653,-122.300867
1302217348,2.5,0.007,37.807655,-122.300857
1302217349,2.5,0.007,37.807652,-122.300835
1302217350,2.5,0.007,37.80764,-122.30082
1302217351,2.5,0.006,37.807628,-122.300807
1302217352,2.5,0.007,37.807615,-122.30079
1302217353,2.5,0.007,37.807602,-122.300767
1302217354,2.5,0.008,37.807595,-122.300747
1302217355,2.5,0.009,37.807592,-122.300725
1302217356,2.5,0.008,37.807595,-122.300703
1302217357,2.5,0.007,37.807593,-122.300683
1302217358,2.5,0.007,37.807593,-122.300672
1302217359,2.5,0.007,37.807592,-122.300657
1302217360,2.5,0.007,37.80759,-122.300643
1302217361,2.5,0.007,37.807583,-122.30062
1302217362,2.5,0.006,37.807583,-122.300607
1302217363,2.5,0.007,37.807585,-122.300593
1302217364,2.5,0.006,37.807578,-122.30057
1302217365,2.5,0.006,37.807573,-122.300545
1302217366,2.5,0.007,37.807577,-122.300527
1302217367,2.5,0.007,37.807575,-122.30051
1302217368,2.5,0.007,37.807578,-122.300495
1302217369,2.5,0.007,37.80758,-122.300482
1302217370,2.5,0.007,37.807585,-122.300465
1302217371,2.5,0.007,37.807587,-122.300453
1302217372,2.5,0.006,37.807588,-122.300442
1302217373,2.5,0.007,37.807588,-122.300432
1302217374,2.5,0.009,37.807588,-122.300418
1302217375,2.5,0.009,37.807585,-122.300403
1302217376,2.5,0.008,37.80757,-122.300372
1302217377,2.5,0.009,37.807572,-122.300357
1302217378,2.5,0.008,37.807578,-122.300342
1302217379,2.5,0.006,37.807572,-122.300325
1302217380,2.5,0.008,37.807557,-122.300305
1302217381,2.5,0.007,37.807548,-122.300288
1302217382,2.5,0.006,37.807545,-122.300277
1302217383,2.5,0.007,37.807538,-122.300258
1302217384,2.5,0.006,37.807537,-122.300245
1302217385,2.5,0.006,37.807537,-122.30023
1302217386,2.5,0.006,37.807527,-122.300207
1302217387,2.5,0.007,37.807517,-122.300185
1302217388,2.5,0.008,37.80751,-122.300163
1302217389,2.5,0.007,37.807502,-122.300142
1302217390,2.5,0.007,37.807492,-122.30012
1302217391,2.5,0.007,37.807498,-122.300105
1302217392,2.5,0.007,37.807492,-122.300085
1302217393,2.5,0.007,37.80749,-122.300072
1302217394,2.5,0.007,37.807488,-122.30006
1302217395,2.5,0.007,37.807488,-122.300043
1302217396,2.5,0.007,37.807487,-122.300028
1302217397,2.5,0.006,37.807482,-122.300008
1302217398,2.5,0.008,37.807482,-122.29999
1302217399,2.5,0.008,37.807468,-122.29997
1302217400,2.5,0.007,37.807462,-122.299953
1302217401,2.5,0.007,37.807458,-122.299937
1302217402,2.5,0.008,37.807457,-122.299922
1302217403,2.5,0.007,37.80746,-122.299912
1302217404,2.5,0.006,37.807463,-122.299905
1302217405,2.5,0.007,37.807468,-122.299898
1302217406,2.5,0.007,37.807472,-122.299888
1302217407,2.5,0.007,37.807467,-122.29987
1302217408,2.5,0.007,37.80746,-122.29985
1302217409,2.5,0.006,37.80746,-122.299833
1302217410,2.5,0.006,37.807455,-122.299818
1302217411,2.5,0.007,37.807442,-122.299795
1302217412,2.5,0.007,37.807435,-122.299778
1302217413,2.5,0.007,37.807445,-122.299768
1302217414,2.5,0.007,37.807448,-122.299762
1302217415,2.5,0.008,37.807442,-122.299737
1302217416,2.5,0.009,37.807438,-122.299715
1302217417,2.5,0.009,37.807432,-122.299697
1302217418,2.5,0.008,37.807425,-122.299683
1302217419,2.5,0.009,37.80742,-122.29967
1302217420,2.5,0.007,37.807412,-122.29965
1302217421,2.5,0.007,37.807407,-122.299633
1302217422,2.5,0.007,37.8074,-122.299613
1302217423,2.5,0.007,37.807397,-122.299595
1302217424,2.5,0.007,37.807395,-122.299578
1302217425,2.5,0.008,37.807393,-122.299568
1302217426,2.5,0.006,37.807393,-122.29956
1302217427,2.5,0.006,37.8074,-122.299552
1302217428,2.5,0.007,37.807408,-122.299542
1302217429,2.5,0.007,37.807412,-122.299525
1302217430,2.5,0.006,37.807417,-122.29952
1302217431,2.5,0.006,37.80742,-122.299513
1302217432,2.5,0.007,37.807415,-122.299495
1302217433,2.5,0.008,37.807405,-122.299473
1302217434,2.5,0.007,37.807395,-122.299453
1302217435,2.5,0.007,37.807387,-122.299433
1302217436,2.5,0.007,37.807378,-122.29941
1302217437,2.5,0.008,37.807372,-122.299392
1302217438,2.5,0.008,37.807367,-122.299375
1302217439,2.5,0.007,37.807358,-122.29935
1302217440,2.5,0.007,37.807348,-122.299327
1302217441,2.5,0.006,37.807345,-122.299312
1302217442,2.5,0.007,37.807345,-122.299303
1302217443,2.5,0.008,37.80734,-122.299287
1302217444,2.5,0.008,37.807337,-122.299265
1302217445,2.5,0.007,37.807335,-122.299248
1302217446,2.5,0.007,37.807335,-122.299235
1302217447,2.5,0.008,37.807335,-122.299227
1302217448,2.5,0.008,37.807335,-122.299215
1302217449,2.5,0.008,37.807332,-122.299198
1302217450,2.5,0.007,37.807328,-122.29918
1302217451,2.5,0.007,37.807325,-122.299162
1302217452,2.5,0.006,37.807328,-122.29915
1302217453,2.5,0.007,37.807327,-122.299138
1302217454,2.5,0.006,37.807323,-122.299123
1302217455,2.5,0.006,37.80731,-122.299107
1302217456,2.5,0.008,37.807297,-122.29909
1302217457,2.5,0.007,37.807287,-122.299075
1302217458,2.5,0.006,37.807278,-122.29906
1302217459,2.5,0.006,37.807275,-122.299035
1302217460,2.5,0.007,37.807273,-122.299012
1302217461,2.5,0.006,37.807273,-122.298998
1302217462,2.5,0.006,37.807268,-122.298985
1302217463,2.5,0.007,37.807253,-122.298968
1302217464,2.5,0.007,37.807242,-122.298957
1302217465,2.5,0.007,37.807228,-122.298947
1302217466,2.5,0.007,37.807222,-122.298945
1302217467,2.5,0.006,37.807215,-122.29895
1302217468,2.5,0.007,37.807202,-122.298947
1302217469,2.5,0.006,37.807185,-122.298943
1302217470,2.5,0.006,37.807175,-122.29895
1302217471,2.5,0.006,37.807162,-122.298957
1302217472,2.5,0.006,37.807145,-122.298958
1302217473,2.5,0.007,37.807128,-122.29896
1302217474,2.5,0.007,37.807115,-122.298967
1302217475,2.5,0.006,37.807103,-122.298968
1302217476,2.5,0.006,37.80709,-122.298972
1302217477,2.5,0.007,37.807077,-122.298975
1302217478,2.5,0.008,37.807062,-122.298977
1302217479,2.5,0.009,37.807048,-122.29898
1302217480,2.5,0.007,37.807035,-122.298982
1302217481,2.5,0.006,37.807023,-122.298983
1302217482,2.5,0.007,37.80701,-122.298987
1302217483,2.5,0.007,37.806998,-122.298988
1302217484,2.5,0.007,37.806985,-122.29899
1302217485,2.5,0.007,37.806972,-122.298992
1302217486,2.5,0.007,37.80696,-122.298997
1302217487,2.5,0.007,37.806947,-122.299002
1302217488,2.5,0.007,37.806933,-122.299005
1302217489,2.5,0.007,37.806922,-122.299008
1302217490,2.5,0.007,37.806908,-122.299012
1302217491,2.5,0.007,37.806897,-122.299015
1302217492,2.5,0.006,37.806885,-122.299017
1302217493,2.5,0.006,37.806872,-122.299018
1302217494,2.5,0.007,37.80686,-122.299022
1302217495,2.5,0.006,37.806848,-122.299025
1302217496,2.5,0.007,37.806835,-122.299028
1302217497,2.5,0.007,37.806823,-122.299032
1302217498,2.5,0.007,37.80681,-122.299037
1302217499,2.5,0.007,37.806795,-122.299042
1302217500,2.5,0.006,37.806782,-122.299045
1302217501,2.5,0.006,37.806763,-122.299063
1302217502,2.5,0.007,37.806747,-122.299078
1302217503,2.5,0.006,37.806732,-122.29909
1302217504,2.5,0.005,37.806718,-122.299098
1302217505,2.5,0.007,37.806705,-122.2991
1302217506,2.5,0.008,37.806685,-122.29911
1302217507,2.5,0.006,37.806673,-122.299118
1302217508,2.5,0.007,37.806658,-122.299122
1302217509,2.5,0.006,37.806638,-122.299132
1302217510,2.5,0.006,37.806625,-122.299132
1302217511,2.5,0.007,37.806615,-122.299138
1302217512,2.5,0.007,37.806602,-122.29915
1302217513,2.5,0.006,37.806588,-122.299165
1302217514,2.5,0.006,37.806575,-122.299175
1302217515,2.5,0.006,37.806565,-122.299182
1302217516,2.5,0.007,37.806552,-122.299188
1302217517,2.5,0.008,37.806537,-122.299197
1302217518,2.5,0.007,37.806525,-122.299208
1302217519,2.5,0.007,37.806512,-122.299222
1302217520,2.5,0.006,37.8065,-122.299238
1302217521,2.5,0.007,37.806483,-122.299262
1302217522,2.5,0.007,37.806468,-122.299278
1302217523,2.5,0.008,37.806453,-122.299293
1302217524,2.5,0.009,37.806438,-122.299293
1302217525,2.5,0.007,37.806423,-122.299292
1302217526,2.5,0.007,37.806408,-122.29928
1302217527,2.5,0.007,37.806393,-122.299267
1302217528,2.5,0.007,37.80638,-122.299238
1302217529,2.5,0.007,37.806373,-122.299208
1302217530,2.5,0.007,37.80637,-122.29918
1302217531,2.5,0.007,37.806368,-122.299158
1302217532,2.5,0.007,37.806367,-122.299137
1302217533,2.5,0.006,37.806365,-122.29912
1302217534,2.5,0.007,37.806363,-122.299103
1302217535,2.5,0.008,37.806368,-122.299082
1302217536,2.5,0.007,37.806372,-122.299065
1302217537,2.5,0.006,37.806377,-122.299048
1302217538,2.5,0.007,37.806373,-122.299037
1302217539,2.5,0.007,37.80637,-122.299025
1302217540,2.5,0.006,37.806367,-122.299008
1302217541,2.5,0.007,37.806365,-122.298997
1302217542,2.5,0.007,37.806353,-122.298973
1302217543,2.5,0.007,37.806342,-122.298952
1302217544,2.5,0.007,37.806335,-122.298932
1302217545,2.5,0.006,37.806328,-122.298912
1302217546,2.5,0.006,37.806328,-122.298893
1302217547,2.5,0.008,37.806328,-122.298875
1302217548,2.5,0.008,37.806328,-122.298858
1302217549,2.5,0.008,37.806325,-122.298838
1302217550,2.5,0.007,37.806322,-122.29882
1302217551,2.5,0.007,37.806317,-122.298803
1302217552,2.5,0.008,37.806315,-122.298787
1302217553,2.5,0.008,37.806312,-122.29877
1302217554,2.5,0.008,37.80631,-122.298753
1302217555,2.5,0.007,37.806308,-122.298735
1302217556,2.5,0.007,37.806305,-122.298717
1302217557,2.5,0.009,37.806303,-122.298698
1302217558,2.5,0.009,37.8063,-122.298682
1302217559,2.5,0.007,37.806297,-122.298663
1302217560,2.5,0.007,37.806292,-122.298647
1302217561,2.5,0.007,37.806288,-122.29863
1302217562,2.5,0.007,37.806287,-122.298617
1302217563,2.5,0.007,37.806285,-122.298608
1302217564,2.5,0.007,37.806277,-122.298598
1302217565,2.5,0.007,37.806267,-122.298583
1302217566,2.5,0.008,37.806255,-122.298562
1302217567,2.5,0.008,37.806248,-122.298552
1302217568,2.5,0.006,37.806238,-122.298538
1302217569,2.5,0.006,37.806238,-122.298515
1302217570,2.5,0.006,37.806238,-122.298497
1302217571,2.5,0.006,37.806237,-122.298477
1302217572,2.5,0.007,37.806235,-122.298465
1302217573,2.5,0.007,37.806228,-122.298448
1302217574,2.5,0.007,37.806225,-122.298432
1302217575,2.5,0.007,37.806223,-122.298415
1302217576,2.5,0.008,37.806218,-122.298405
1302217577,2.5,0.007,37.806218,-122.29839
1302217578,2.5,0.006,37.80622,-122.298373
1302217579,2.5,0.006,37.80622,-122.298355
1302217580,2.5,0.007,37.80622,-122.29834
1302217581,2.5,0.007,37.806218,-122.298325
1302217582,2.5,0.007,37.806207,-122.298313
1302217583,2.5,0.007,37.806205,-122.298303
1302217584,2.5,0.007,37.806197,-122.298283
1302217585,2.5,0.008,37.806197,-122.298272
1302217586,2.5,0.007,37.806197,-122.298262
1302217587,2.5,0.007,37.806195,-122.298253
1302217588,2.5,0.007,37.806193,-122.298248
1302217589,2.5,0.007,37.806192,-122.298245
1302217590,2.5,0.007,37.806192,-122.298242
1302217591,2.5,0.007,37.806192,-122.29824
1302217592,2.5,0.006,37.806192,-122.29824
1302217593,2.5,0.007,37.806193,-122.29824
1302217594,2.5,0.007,37.806193,-122.29824
1302217595,2.5,0.006,37.806192,-122.29824
1302217596,2.5,0.007,37.806192,-122.29824
1302217597,2.5,0.007,37.80619,-122.298238
1302217598,2.5,0.006,37.80619,-122.298238
1302217599,2.5,0.006,37.80619,-122.298238
1302217600,2.5,0.007,37.80619,-122.298238
1302217601,2.5,0.007,37.806188,-122.298238
1302217602,2.5,0.006,37.806188,-122.298238
1302217603,2.5,0.006,37.806188,-122.29824
1302217604,2.5,0.006,37.806188,-122.29824
1302217605,2.5,0.007,37.806187,-122.298238
1302217606,2.5,0.007,37.806185,-122.29823
1302217607,2.5,0.006,37.806182,-122.298215
1302217608,2.5,0.007,37.806173,-122.29819
1302217609,2.5,0.007,37.806172,-122.298175
1302217610,2.5,0.006,37.80617,-122.29816
1302217611,2.5,0.006,37.806167,-122.298143
1302217612,2.5,0.006,37.806163,-122.298123
1302217613,2.5,0.006,37.80616,-122.298103
1302217614,2.5,0.007,37.806155,-122.298085
1302217615,2.5,0.006,37.806152,-122.298067
1302217616,2.5,0.006,37.806148,-122.298048
1302217617,2.5,0.007,37.806143,-122.298028
1302217618,2.5,0.006,37.806138,-122.298013
1302217619,2.5,0.006,37.806135,-122.298002
1302217620,2.5,0.006,37.80613,-122.297987
1302217621,2.5,0.007,37.806128,-122.297967
1302217622,2.5,0.006,37.806128,-122.297945
1302217623,2.5,0.006,37.806127,-122.297927
1302217624,2.5,0.006,37.806125,-122.297908
1302217625,2.5,0.009,37.806123,-122.29789
1302217626,2.5,0.011,37.80612,-122.297872
1302217627,2.5,0.01,37.806117,-122.297853
1302217628,2.5,0.011,37.806113,-122.297837
1302217629,2.5,0.014,37.80611,-122.29782
1302217630,2.5,0.008,37.806108,-122.297803
1302217631,2.5,0.007,37.806107,-122.297787
1302217632,2.5,0.009,37.806103,-122.297772
1302217633,2.5,0.012,37.806102,-122.297755
1302217634,2.5,0.013,37.806098,-122.297737
1302217635,2.5,0.012,37.806097,-122.29772
1302217636,2.5,0.009,37.806095,-122.297702
1302217637,2.5,0.008,37.806092,-122.297687
1302217638,2.5,0.007,37.806088,-122.297672
1302217639,2.5,0.007,37.806087,-122.297655
1302217640,2.5,0.008,37.806082,-122.297638
1302217641,2.5,0.01,37.806078,-122.297623
1302217642,2.5,0.016,37.806075,-122.297608
1302217643,2.5,0.018,37.806072,-122.297592
1302217644,2.5,0.012,37.806068,-122.297575
1302217645,2.5,0.013,37.806067,-122.297555
1302217646,2.5,0.014,37.806065,-122.297537
1302217647,2.5,0.013,37.806065,-122.29752
1302217648,2.5,0.012,37.806063,-122.297503
1302217649,2.5,0.01,37.806063,-122.297488
1302217650,2.5,0.009,37.80606,-122.297472
1302217651,2.5,0.008,37.806055,-122.297453
1302217652,2.5,0.009,37.806053,-122.297437
1302217653,2.5,0.008,37.80605,-122.29742
1302217654,2.5,0.008,37.80604,-122.297407
1302217655,2.5,0.008,37.806033,-122.29739
1302217656,2.5,0.008,37.806028,-122.297375
1302217657,2.5,0.008,37.806023,-122.297358
1302217658,2.5,0.008,37.806018,-122.297342
1302217659,2.5,0.008,37.806012,-122.297323
1302217660,2.5,0.008,37.806008,-122.297308
1302217661,2.5,0.008,37.806,-122.297292
1302217662,2.5,0.008,37.805993,-122.297275
1302217663,2.5,0.008,37.805988,-122.297257
1302217664,2.5,0.008,37.805982,-122.29724
1302217665,2.5,0.008,37.805975,-122.29722
1302217666,2.5,0.009,37.80597,-122.2972
1302217667,2.5,0.007,37.805967,-122.297182
1302217668,2.5,0.007,37.805963,-122.297162
1302217669,2.5,0.007,37.80596,-122.297142
1302217670,2.5,0.008,37.805958,-122.297123
1302217671,2.5,0.008,37.805955,-122.297105
1302217672,2.5,0.007,37.805952,-122.297085
1302217673,2.5,0.006,37.805948,-122.297065
1302217674,2.5,0.006,37.805945,-122.297047
1302217675,2.5,0.006,37.805942,-122.297028
1302217676,2.5,0.006,37.805938,-122.297012
1302217677,2.5,0.006,37.805935,-122.296992
1302217678,2.5,0.006,37.80593,-122.29697
1302217679,2.5,0.006,37.805925,-122.296952
1302217680,2.5,0.006,37.805922,-122.296935
1302217681,2.5,0.006,37.805917,-122.296918
1302217682,2.5,0.006,37.805913,-122.296902
1302217683,2.5,0.006,37.805908,-122.296883
1302217684,2.5,0.006,37.805903,-122.296867
1302217685,2.5,0.006,37.8059,-122.29685
1302217686,2.5,0.006,37.805897,-122.296833
1302217687,2.5,0.007,37.805892,-122.296815
1302217688,2.5,0.007,37.805888,-122.296797
1302217689,2.5,0.007,37.805887,-122.29678
1302217690,2.5,0.008,37.805883,-122.296763
1302217691,2.5,0.007,37.80588,-122.296745
1302217692,2.5,0.008,37.805875,-122.296728
1302217693,2.5,0.008,37.805872,-122.29671
1302217694,2.5,0.008,37.80587,-122.296693
1302217695,2.5,0.007,37.805867,-122.296677
1302217696,2.5,0.008,37.805865,-122.296662
1302217697,2.5,0.008,37.805862,-122.296645
1302217698,2.5,0.008,37.805857,-122.296627
1302217699,2.5,0.008,37.805853,-122.29661
1302217700,2.5,0.015,37.80585,-122.296593
1302217701,2.5,0.018,37.805847,-122.296577
1302217702,2.5,0.008,37.805843,-122.29656
1302217703,2.5,0.009,37.805838,-122.296543
1302217704,2.5,0.008,37.805835,-122.296527
1302217705,2.5,0.006,37.805832,-122.29651
1302217706,2.5,0.008,37.805828,-122.296492
1302217707,2.5,0.009,37.805823,-122.296475
1302217708,2.5,0.008,37.805818,-122.296457
1302217709,2.5,0.007,37.805815,-122.29644
1302217710,2.5,0.006,37.80581,-122.296423
1302217711,2.5,0.007,37.805807,-122.296408
1302217712,2.5,0.007,37.805803,-122.296392
1302217713,2.5,0.008,37.805798,-122.296375
1302217714,2.5,0.008,37.805795,-122.29636
1302217715,2.5,0.006,37.805792,-122.296347
1302217716,2.5,0.008,37.805788,-122.296328
1302217717,2.5,0.01,37.805785,-122.296313
1302217718,2.5,0.01,37.80578,-122.296295
1302217719,2.5,0.008,37.805777,-122.296278
1302217720,2.5,0.008,37.805772,-122.296262
1302217721,2.5,0.007,37.805765,-122.296247
1302217722,2.5,0.008,37.805758,-122.296233
1302217723,2.5,0.008,37.805757,-122.296217
1302217724,2.5,0.007,37.805755,-122.2962
1302217725,2.5,0.006,37.805752,-122.296185
1302217726,2.5,0.006,37.80575,-122.296167
1302217727,2.5,0.006,37.805747,-122.29615
1302217728,2.5,0.006,37.805745,-122.296132
1302217729,2.5,0.007,37.805742,-122.296113
1302217730,2.5,0.007,37.805738,-122.296097
1302217731,2.5,0.007,37.805735,-122.296078
1302217732,2.5,0.007,37.805732,-122.29606
1302217733,2.5,0.006,37.805725,-122.296042
1302217734,2.5,0.007,37.805718,-122.296023
1302217735,2.5,0.008,37.805715,-122.296008
1302217736,2.5,0.008,37.80571,-122.295993
1302217737,2.5,0.006,37.805705,-122.295975
1302217738,2.5,0.006,37.805702,-122.295957
1302217739,2.5,0.006,37.805698,-122.295938
1302217740,2.5,0.006,37.805695,-122.295923
1302217741,2.5,0.005,37.80569,-122.295907
1302217742,2.5,0.005,37.805685,-122.295888
1302217743,2.5,0.006,37.80568,-122.295872
1302217744,2.5,0.006,37.805677,-122.295855
1302217745,2.5,0.006,37.805673,-122.295838
1302217746,2.5,0.006,37.80567,-122.29582
1302217747,2.5,0.005,37.805667,-122.295802
1302217748,2.5,0.006,37.805662,-122.295783
1302217749,2.5,0.008,37.805657,-122.295765
1302217750,2.5,0.006,37.805652,-122.295748
1302217751,2.5,0.006,37.805647,-122.295732
1302217752,2.5,0.006,37.80564,-122.295715
1302217753,2.5,0.006,37.805635,-122.295697
1302217754,2.5,0.006,37.805632,-122.295678
1302217755,2.5,0.006,37.805628,-122.29566
1302217756,2.5,0.005,37.805625,-122.295642
1302217757,2.5,0.006,37.805622,-122.295623
1302217758,2.5,0.006,37.80562,-122.295605
1302217759,2.5,0.007,37.805617,-122.295588
1302217760,2.5,0.01,37.805612,-122.29557
1302217761,2.5,0.007,37.80561,-122.295552
1302217762,2.5,0.005,37.805607,-122.295535
1302217763,2.5,0.006,37.805603,-122.295517
1302217764,2.5,0.006,37.805602,-122.295498
1302217765,2.5,0.006,37.805597,-122.29548
1302217766,2.5,0.006,37.805592,-122.295462
1302217767,2.5,0.006,37.805588,-122.295445
1302217768,2.5,0.005,37.805585,-122.295427
1302217769,2.5,0.005,37.805582,-122.29541
1302217770,2.5,0.005,37.805577,-122.295392
1302217771,2.5,0.006,37.805573,-122.295375
1302217772,2.5,0.005,37.805568,-122.295358
1302217773,2.5,0.006,37.805558,-122.295338
1302217774,2.5,0.007,37.80555,-122.295328
1302217775,2.5,0.006,37.805547,-122.295317
1302217776,2.5,0.006,37.805543,-122.295298
1302217777,2.5,0.006,37.80554,-122.29528
1302217778,2.5,0.006,37.805537,-122.295262
1302217779,2.5,0.006,37.805533,-122.295245
1302217780,2.5,0.006,37.80553,-122.295228
1302217781,2.5,0.006,37.805527,-122.295212
1302217782,2.5,0.005,37.805522,-122.295197
1302217783,2.5,0.006,37.805515,-122.295182
1302217784,2.5,0.006,37.80551,-122.295165
1302217785,2.5,0.005,37.805507,-122.295148
1302217786,2.5,0.005,37.805503,-122.295132
1302217787,2.5,0.005,37.805498,-122.295115
1302217788,2.5,0.004,37.805495,-122.295098
1302217789,2.5,0.005,37.805493,-122.29508
1302217790,2.5,0.005,37.805493,-122.295063
1302217791,2.5,0.006,37.805493,-122.295048
1302217792,2.5,0.006,37.805493,-122.295033
1302217793,2.5,0.005,37.80549,-122.295017
1302217794,2.5,0.006,37.805488,-122.295003
1302217795,2.5,0.006,37.805485,-122.294987
1302217796,2.5,0.008,37.80548,-122.29497
1302217797,2.5,0.008,37.805475,-122.294952
1302217798,2.5,0.006,37.80547,-122.294942
1302217799,2.5,0.005,37.805465,-122.294932
1302217800,2.5,0.006,37.805455,-122.29491
1302217801,2.5,0.005,37.80545,-122.294888
1302217802,2.5,0.006,37.805443,-122.294867
1302217803,2.5,0.006,37.805433,-122.294843
1302217804,2.5,0.005,37.805427,-122.294827
1302217805,2.5,0.005,37.80542,-122.294813
1302217806,2.5,0.005,37.805417,-122.294805
1302217807,2.5,0.006,37.805405,-122.29479
1302217808,2.5,0.006,37.805395,-122.294778
1302217809,2.5,0.005,37.805385,-122.294765
1302217810,2.5,0.007,37.80537,-122.294757
1302217811,2.5,0.007,37.80536,-122.294745
1302217812,2.5,0.006,37.80535,-122.294737
1302217813,2.5,0.005,37.805342,-122.294728
1302217814,2.5,0.006,37.80533,-122.294718
1302217815,2.5,0.007,37.805333,-122.294693
1302217816,2.5,0.007,37.805328,-122.294677
1302217817,2.5,0.006,37.80532,-122.294665
1302217818,2.5,0.006,37.805313,-122.294647
1302217819,2.5,0.005,37.805313,-122.294625
1302217820,2.5,0.006,37.805302,-122.294608
1302217821,2.5,0.006,37.805298,-122.29459
1302217822,2.5,0.005,37.805297,-122.29457
1302217823,2.5,0.006,37.805293,-122.294553
1302217824,2.5,0.007,37.805293,-122.294538
1302217825,2.5,0.005,37.805292,-122.294518
1302217826,2.5,0.005,37.805293,-122.294498
1302217827,2.5,0.006,37.805295,-122.29448
1302217828,2.5,0.006,37.805295,-122.294457
1302217829,2.5,0.005,37.805297,-122.29444
1302217830,2.5,0.005,37.805297,-122.294423
1302217831,2.5,0.005,37.805293,-122.294405
1302217832,2.5,0.005,37.805273,-122.294388
1302217833,2.5,0.005,37.805265,-122.294373
1302217834,2.5,0.005,37.805257,-122.294358
1302217835,2.5,0.005,37.805248,-122.294342
1302217836,2.5,0.005,37.80524,-122.294323
1302217837,2.5,0.005,37.805232,-122.294305
1302217838,2.5,0.007,37.805215,-122.294298
1302217839,2.5,0.006,37.805208,-122.294283
1302217840,2.5,0.005,37.805208,-122.294262
1302217841,2.5,0.006,37.805212,-122.294237
1302217842,2.5,0.007,37.805215,-122.294215
1302217843,2.5,0.006,37.805217,-122.294198
1302217844,2.5,0.005,37.805212,-122.294187
1302217845,2.5,0.006,37.805208,-122.294177
1302217846,2.5,0.006,37.8052,-122.294167
1302217847,2.5,0.005,37.805192,-122.294153
1302217848,2.5,0.006,37.805192,-122.294137
1302217849,2.5,0.006,37.805195,-122.294115
1302217850,2.5,0.005,37.805197,-122.294098
1302217851,2.5,0.005,37.805192,-122.294087
1302217852,2.5,0.005,37.805195,-122.29407
1302217853,2.5,0.006,37.805193,-122.294057
1302217854,2.5,0.006,37.805187,-122.29404
1302217855,2.5,0.007,37.805182,-122.294018
1302217856,2.5,0.007,37.80518,-122.293993
1302217857,2.5,0.007,37.80518,-122.29397
1302217858,2.5,0.006,37.80518,-122.293947
1302217859,2.5,0.006,37.805182,-122.293923
1302217860,2.5,0.006,37.805185,-122.293902
1302217861,2.5,0.006,37.805187,-122.293878
1302217862,2.5,0.006,37.805185,-122.293857
1302217863,2.5,0.007,37.805183,-122.293837
1302217864,2.5,0.007,37.805182,-122.293818
1302217865,2.5,0.007,37.805182,-122.2938
1302217866,2.5,0.006,37.805182,-122.293782
1302217867,2.5,0.006,37.805182,-122.293763
1302217868,2.5,0.007,37.805185,-122.293747
1302217869,2.5,0.006,37.805193,-122.293733
1302217870,2.5,0.005,37.805205,-122.293725
1302217871,2.5,0.005,37.80522,-122.293718
1302217872,2.5,0.006,37.805233,-122.29371
1302217873,2.5,0.006,37.805247,-122.293702
1302217874,2.5,0.006,37.805263,-122.293692
1302217875,2.5,0.006,37.805277,-122.293685
1302217876,2.5,0.005,37.805292,-122.29368
1302217877,2.5,0.006,37.805305,-122.293675
1302217878,2.5,0.007,37.80532,-122.29367
1302217879,2.5,0.007,37.805335,-122.293665
1302217880,2.5,0.007,37.80535,-122.29366
1302217881,2.5,0.006,37.805365,-122.293655
1302217882,2.5,0.005,37.805378,-122.29365
1302217883,2.5,0.006,37.805393,-122.293642
1302217884,2.5,0.007,37.80541,-122.293638
1302217885,2.5,0.007,37.805422,-122.293633
1302217886,2.5,0.006,37.805433,-122.293627
1302217887,2.5,0.006,37.805445,-122.293622
1302217888,2.5,0.006,37.805458,-122.293618
1302217889,2.5,0.006,37.805473,-122.293612
1302217890,2.5,0.008,37.805487,-122.293607
1302217891,2.5,0.007,37.8055,-122.293602
1302217892,2.5,0.007,37.805513,-122.293597
1302217893,2.5,0.007,37.805528,-122.293588
1302217894,2.5,0.007,37.805542,-122.29358
1302217895,2.5,0.007,37.805555,-122.293573
1302217896,2.5,0.007,37.805568,-122.29357
1302217897,2.5,0.005,37.80558,-122.293567
1302217898,2.5,0.006,37.805593,-122.29356
1302217899,2.5,0.006,37.805605,-122.293555
1302217900,2.5,0.006,37.805617,-122.293552
1302217901,2.5,0.005,37.80563,-122.293545
1302217902,2.5,0.004,37.805643,-122.29354
1302217903,2.5,0.005,37.805657,-122.293537
1302217904,2.5,0.006,37.805663,-122.29352
1302217905,2.5,0.007,37.805673,-122.29351
1302217906,2.5,0.006,37.805683,-122.293497
1302217907,2.5,0.007,37.805697,-122.293488
1302217908,2.5,0.006,37.805712,-122.293483
1302217909,2.5,0.006,37.805727,-122.293478
1302217910,2.5,0.006,37.805742,-122.293475
1302217911,2.5,0.006,37.805757,-122.293472
1302217912,2.5,0.007,37.805773,-122.293473
1302217913,2.5,0.006,37.805788,-122.293465
1302217914,2.5,0.006,37.805807,-122.293472
1302217915,2.5,0.006,37.80582,-122.293467
1302217916,2.5,0.006,37.805833,-122.293462
1302217917,2.5,0.006,37.805848,-122.293462
1302217918,2.5,0.005,37.805862,-122.293455
1302217919,2.5,0.006,37.805877,-122.29345
1302217920,2.5,0.006,37.80589,-122.293445
1302217921,2.5,0.006,37.805903,-122.293442
1302217922,2.5,0.006,37.805917,-122.293437
1302217923,2.5,0.006,37.80593,-122.293428
1302217924,2.5,0.007,37.805943,-122.293428
1302217925,2.5,0.006,37.805957,-122.293425
1302217926,2.5,0.006,37.80597,-122.29342
1302217927,2.5,0.007,37.805982,-122.293417
1302217928,2.5,0.008,37.805993,-122.293412
1302217929,2.5,0.008,37.806002,-122.293407
1302217930,2.5,0.006,37.806013,-122.293402
1302217931,2.5,0.006,37.806025,-122.2934
1302217932,2.5,0.006,37.806038,-122.2934
1302217933,2.5,0.006,37.806047,-122.293405
1302217934,2.5,0.005,37.806055,-122.293408
1302217935,2.5,0.006,37.806072,-122.293408
1302217936,2.5,0.006,37.806078,-122.293408
1302217937,2.5,0.006,37.806088,-122.293405
1302217938,2.5,0.005,37.8061,-122.2934
1302217939,2.5,0.005,37.806113,-122.293397
1302217940,2.5,0.006,37.806127,-122.293393
1302217941,2.5,0.006,37.806138,-122.293385
1302217942,2.5,0.007,37.806148,-122.293377
1302217943,2.5,0.006,37.806162,-122.293372
1302217944,2.5,0.007,37.806175,-122.293368
1302217945,2.5,0.007,37.806188,-122.293365
1302217946,2.5,0.008,37.806202,-122.29336
1302217947,2.5,0.007,37.806215,-122.293352
1302217948,2.5,0.006,37.806228,-122.293347
1302217949,2.5,0.006,37.806242,-122.293343
1302217950,2.5,0.006,37.806257,-122.29334
1302217951,2.5,0.006,37.806272,-122.293338
1302217952,2.5,0.007,37.806285,-122.293337
1302217953,2.5,0.005,37.8063,-122.293333
1302217954,2.5,0.005,37.806315,-122.293332
1302217955,2.5,0.006,37.806328,-122.293328
1302217956,2.5,0.007,37.806343,-122.293327
1302217957,2.5,0.007,37.806355,-122.293322
1302217958,2.5,0.006,37.806368,-122.29332
1302217959,2.5,0.005,37.806382,-122.293317
1302217960,2.5,0.006,37.806392,-122.293308
1302217961,2.5,0.007,37.806407,-122.293305
1302217962,2.5,0.007,37.80642,-122.293302
1302217963,2.5,0.007,37.806432,-122.293297
1302217964,2.5,0.007,37.806445,-122.29329
1302217965,2.5,0.007,37.806457,-122.293282
1302217966,2.5,0.007,37.806468,-122.29328
1302217967,2.5,0.006,37.806483,-122.293277
1302217968,2.5,0.006,37.806498,-122.293275
1302217969,2.5,0.006,37.80651,-122.293272
1302217970,2.5,0.005,37.806525,-122.293267
1302217971,2.5,0.007,37.806542,-122.293263
1302217972,2.5,0.008,37.806557,-122.293258
1302217973,2.5,0.007,37.80657,-122.29326
1302217974,2.5,0.006,37.806585,-122.293255
1302217975,2.5,0.006,37.8066,-122.293252
1302217976,2.5,0.006,37.806615,-122.29325
1302217977,2.5,0.006,37.806628,-122.293245
1302217978,2.5,0.006,37.806642,-122.293238
1302217979,2.5,0.007,37.806655,-122.293233
1302217980,2.5,0.006,37.80667,-122.293227
1302217981,2.5,0.006,37.806683,-122.29322
1302217982,2.5,0.006,37.806697,-122.293213
1302217983,2.5,0.006,37.80671,-122.293212
1302217984,2.5,0.006,37.806722,-122.29321
1302217985,2.5,0.006,37.806735,-122.293207
1302217986,2.5,0.005,37.806748,-122.2932
1302217987,2.5,0.005,37.80676,-122.293197
1302217988,2.5,0.007,37.806773,-122.293188
1302217989,2.5,0.007,37.806787,-122.293182
1302217990,2.5,0.006,37.8068,-122.293177
1302217991,2.5,0.005,37.806818,-122.293182
1302217992,2.5,0.006,37.806835,-122.29318
1302217993,2.5,0.007,37.806848,-122.29318
1302217994,2.5,0.007,37.80686,-122.29318
1302217995,2.5,0.005,37.806872,-122.293177
1302217996,2.5,0.006,37.806885,-122.293175
1302217997,2.5,0.006,37.8069,-122.293173
1302217998,2.5,0.006,37.806915,-122.293168
1302217999,2.5,0.007,37.806928,-122.29316
1302218000,2.5,0.007,37.806942,-122.293158
1302218001,2.5,0.006,37.806957,-122.293157
1302218002,2.5,0.005,37.806972,-122.293155
1302218003,2.5,0.006,37.806985,-122.293153
1302218004,2.5,0.006,37.806997,-122.293152
1302218005,2.5,0.006,37.80701,-122.293148
1302218006,2.5,0.006,37.807025,-122.293153
1302218007,2.5,0.006,37.80704,-122.293155
1302218008,2.5,0.006,37.807052,-122.293157
1302218009,2.5,0.006,37.807063,-122.293158
1302218010,2.5,0.006,37.80707,-122.293155
1302218011,2.5,0.006,37.807082,-122.293157
1302218012,2.5,0.006,37.807097,-122.293155
1302218013,2.5,0.006,37.807112,-122.293153
1302218014,2.5,0.008,37.807125,-122.293152
1302218015,2.5,0.006,37.807138,-122.293152
1302218016,2.5,0.006,37.807153,-122.293152
1302218017,2.5,0.006,37.80717,-122.293152
1302218018,2.5,0.006,37.807188,-122.29315
1302218019,2.5,0.006,37.807202,-122.293143
1302218020,2.5,0.006,37.807215,-122.293133
1302218021,2.5,0.006,37.807228,-122.29312
1302218022,2.5,0.005,37.807242,-122.293112
1302218023,2.5,0.006,37.807255,-122.293103
1302218024,2.5,0.006,37.80727,-122.293097
1302218025,2.5,0.006,37.807283,-122.293088
1302218026,2.5,0.006,37.807297,-122.29308
1302218027,2.5,0.006,37.80731,-122.293072
1302218028,2.5,0.006,37.807322,-122.293067
1302218029,2.5,0.006,37.807335,-122.29306
1302218030,2.5,0.005,37.807348,-122.293055
1302218031,2.5,0.006,37.807362,-122.29305
1302218032,2.5,0.005,37.807372,-122.293047
1302218033,2.5,0.005,37.807385,-122.293042
1302218034,2.5,0.005,37.807397,-122.293037
1302218035,2.5,0.006,37.807413,-122.293033
1302218036,2.5,0.005,37.807427,-122.29303
1302218037,2.5,0.006,37.807438,-122.293025
1302218038,2.5,0.006,37.80745,-122.293022
1302218039,2.5,0.006,37.807463,-122.293018
1302218040,2.5,0.006,37.807475,-122.293013
1302218041,2.5,0.005,37.807492,-122.293012
1302218042,2.5,0.006,37.807505,-122.293008
1302218043,2.5,0.008,37.807518,-122.292997
1302218044,2.5,0.016,37.807535,-122.29299
1302218045,2.5,0.019,37.807548,-122.292985
1302218046,2.5,0.013,37.807562,-122.292983
1302218047,2.5,0.008,37.807578,-122.29298
1302218048,2.5,0.006,37.807595,-122.292978
1302218049,2.5,0.006,37.80761,-122.292977
1302218050,2.5,0.005,37.807622,-122.29297
1302218051,2.5,0.005,37.807633,-122.292962
1302218052,2.5,0.005,37.807643,-122.292948
1302218053,2.5,0.006,37.807658,-122.292942
1302218054,2.5,0.006,37.807672,-122.292933
1302218055,2.5,0.006,37.807687,-122.292925
1302218056,2.5,0.006,37.807702,-122.29292
1302218057,2.5,0.005,37.80772,-122.292917
1302218058,2.5,0.005,37.807738,-122.292917
1302218059,2.5,0.006,37.807752,-122.292918
1302218060,2.5,0.008,37.80777,-122.292915
1302218061,2.5,0.007,37.807787,-122.292912
1302218062,2.5,0.006,37.8078,-122.29291
1302218063,2.5,0.006,37.807813,-122.292907
1302218064,2.5,0.006,37.807828,-122.292903
1302218065,2.5,0.006,37.80784,-122.2929
1302218066,2.5,0.005,37.807852,-122.292893
1302218067,2.5,0.006,37.807862,-122.292882
1302218068,2.5,0.008,37.807872,-122.292867
1302218069,2.5,0.005,37.807883,-122.29286
1302218070,2.5,0.006,37.807897,-122.292853
1302218071,2.5,0.007,37.807908,-122.292847
1302218072,2.5,0.006,37.80792,-122.292838
1302218073,2.5,0.006,37.807933,-122.292832
1302218074,2.5,0.006,37.807945,-122.292825
1302218075,2.5,0.007,37.807957,-122.292818
1302218076,2.5,0.007,37.80797,-122.292813
1302218077,2.5,0.007,37.807985,-122.29281
1302218078,2.5,0.006,37.808,-122.292808
1302218079,2.5,0.006,37.808015,-122.292808
1302218080,2.5,0.006,37.808027,-122.29281
1302218081,2.5,0.005,37.80804,-122.292808
1302218082,2.5,0.005,37.808052,-122.292808
1302218083,2.5,0.006,37.808063,-122.292807
1302218084,2.5,0.006,37.808073,-122.292805
1302218085,2.5,0.006,37.808085,-122.292803
1302218086,2.5,0.007,37.808098,-122.2928
1302218087,2.5,0.006,37.808113,-122.292795
1302218088,2.5,0.007,37.808128,-122.29279
1302218089,2.5,0.006,37.808143,-122.292783
1302218090,2.5,0.007,37.808162,-122.292777
1302218091,2.5,0.008,37.80818,-122.292772
1302218092,2.5,0.008,37.808197,-122.292773
1302218093,2.5,0.006,37.808207,-122.292762
1302218094,2.5,0.006,37.80822,-122.29276
1302218095,2.5,0.006,37.808233,-122.292753
1302218096,2.5,0.006,37.808245,-122.292747
1302218097,2.5,0.005,37.808257,-122.292742
1302218098,2.5,0.006,37.808268,-122.292735
1302218099,2.5,0.004,37.808282,-122.292728
1302218100,2.5,0.006,37.808293,-122.292723
1302218101,2.5,0.006,37.808305,-122.292718
1302218102,2.5,0.006,37.808318,-122.292713
1302218103,2.5,0.006,37.808332,-122.292708
1302218104,2.5,0.006,37.808345,-122.292703
1302218105,2.5,0.005,37.80836,-122.292698
1302218106,2.5,0.006,37.808375,-122.292693
1302218107,2.5,0.007,37.808387,-122.29269
1302218108,2.5,0.007,37.808398,-122.292685
1302218109,2.5,0.006,37.808412,-122.29268
1302218110,2.5,0.005,37.808425,-122.292675
1302218111,2.5,0.006,37.80844,-122.292672
1302218112,2.5,0.006,37.808452,-122.292667
1302218113,2.5,0.007,37.808465,-122.29266
1302218114,2.5,0.006,37.808477,-122.292652
1302218115,2.5,0.006,37.80849,-122.292647
1302218116,2.5,0.006,37.808503,-122.292642
1302218117,2.5,0.007,37.808518,-122.292635
1302218118,2.5,0.006,37.808532,-122.292628
1302218119,2.5,0.007,37.808545,-122.292623
1302218120,2.5,0.007,37.808558,-122.29262
1302218121,2.5,0.006,37.808572,-122.292615
1302218122,2.5,0.006,37.808585,-122.29261
1302218123,2.5,0.005,37.808598,-122.292605
1302218124,2.5,0.005,37.808612,-122.292605
1302218125,2.5,0.005,37.808625,-122.292602
1302218126,2.5,0.006,37.808638,-122.292593
1302218127,2.5,0.006,37.80865,-122.292587
1302218128,2.5,0.006,37.808663,-122.29258
1302218129,2.5,0.006,37.808678,-122.292577
1302218130,2.5,0.006,37.808693,-122.292573
1302218131,2.5,0.006,37.808708,-122.292568
1302218132,2.5,0.006,37.808723,-122.292563
1302218133,2.5,0.005,37.808737,-122.292558
1302218134,2.5,0.005,37.808752,-122.292553
1302218135,2.5,0.006,37.808767,-122.292548
1302218136,2.5,0.007,37.808782,-122.292545
1302218137,2.5,0.006,37.808795,-122.292542
1302218138,2.5,0.007,37.808808,-122.292537
1302218139,2.5,0.006,37.80882,-122.292527
1302218140,2.5,0.005,37.808832,-122.292518
1302218141,2.5,0.005,37.808845,-122.292512
1302218142,2.5,0.005,37.808858,-122.292505
1302218143,2.5,0.005,37.808873,-122.292502
1302218144,2.5,0.005,37.808888,-122.292502
1302218145,2.5,0.005,37.808903,-122.292502
1302218146,2.5,0.006,37.808918,-122.292503
1302218147,2.5,0.005,37.808932,-122.2925
1302218148,2.5,0.005,37.808945,-122.292495
1302218149,2.5,0.005,37.808958,-122.292492
1302218150,2.5,0.006,37.808972,-122.292487
1302218151,2.5,0.007,37.808985,-122.292482
1302218152,2.5,0.007,37.809,-122.292477
1302218153,2.5,0.006,37.809013,-122.29247
1302218154,2.5,0.006,37.809027,-122.292465
1302218155,2.5,0.006,37.80904,-122.29246
1302218156,2.5,0.008,37.809053,-122.292453
1302218157,2.5,0.013,37.809067,-122.292448
1302218158,2.5,0.013,37.80908,-122.292438
1302218159,2.5,0.008,37.80909,-122.292432
1302218160,2.5,0.007,37.809103,-122.292427
1302218161,2.5,0.008,37.809117,-122.292425
1302218162,2.5,0.007,37.809128,-122.29243
1302218163,2.5,0.006,37.809138,-122.292438
1302218164,2.5,0.005,37.809147,-122.292452
1302218165,2.5,0.006,37.809148,-122.292472
1302218166,2.5,0.005,37.80915,-122.292488
1302218167,2.5,0.005,37.809152,-122.292503
1302218168,2.5,0.006,37.809153,-122.292518
1302218169,2.5,0.006,37.809153,-122.292535
1302218170,2.5,0.006,37.809155,-122.292555
1302218171,2.5,0.006,37.809157,-122.292572
1302218172,2.5,0.005,37.809158,-122.292588
1302218173,2.5,0.006,37.80916,-122.292605
1302218174,2.5,0.008,37.809162,-122.292622
1302218175,2.5,0.007,37.809163,-122.29264
1302218176,2.5,0.006,37.809165,-122.292657
1302218177,2.5,0.006,37.809165,-122.292675
1302218178,2.5,0.007,37.809167,-122.292692
1302218179,2.5,0.006,37.80917,-122.292707
1302218180,2.5,0.007,37.809175,-122.292718
1302218181,2.5,0.006,37.809172,-122.292732
1302218182,2.5,0.006,37.809177,-122.292747
1302218183,2.5,0.007,37.809185,-122.29276
1302218184,2.5,0.007,37.809188,-122.292777
1302218185,2.5,0.006,37.809198,-122.292788
1302218186,2.5,0.005,37.809198,-122.292805
1302218187,2.5,0.006,37.8092,-122.292822
1302218188,2.5,0.007,37.809198,-122.29284
1302218189,2.5,0.007,37.809198,-122.292857
1302218190,2.5,0.006,37.8092,-122.292877
1302218191,2.5,0.006,37.809203,-122.292897
1302218192,2.5,0.006,37.809207,-122.292915
1302218193,2.5,0.006,37.809213,-122.29293
1302218194,2.5,0.006,37.809218,-122.292943
1302218195,2.5,0.005,37.80922,-122.29296
1302218196,2.5,0.006,37.809223,-122.292977
1302218197,2.5,0.006,37.809227,-122.292993
1302218198,2.5,0.006,37.809232,-122.293008
1302218199,2.5,0.006,37.809237,-122.29302
1302218200,2.5,0.006,37.809238,-122.293035
1302218201,2.5,0.008,37.809238,-122.29305
1302218202,2.5,0.008,37.80924,-122.293065
1302218203,2.5,0.006,37.809247,-122.29308
1302218204,2.5,0.007,37.80926,-122.293093
1302218205,2.5,0.008,37.80927,-122.293113
1302218206,2.5,0.006,37.809275,-122.293127
1302218207,2.5,0.007,37.809285,-122.293143
1302218208,2.5,0.006,37.809293,-122.29316
1302218209,2.5,0.006,37.809307,-122.293177
1302218210,2.5,0.006,37.809313,-122.293197
1302218211,2.5,0.006,37.809317,-122.293215
1302218212,2.5,0.006,37.809325,-122.29323
1302218213,2.5,0.006,37.809335,-122.293247
1302218214,2.5,0.006,37.809342,-122.293265
1302218215,2.5,0.005,37.809352,-122.293282
1302218216,2.5,0.005,37.809352,-122.293302
1302218217,2.5,0.006,37.809355,-122.293318
1302218218,2.5,0.006,37.809353,-122.29334
1302218219,2.5,0.006,37.809357,-122.293355
1302218220,2.5,0.006,37.809357,-122.293375
1302218221,2.5,0.006,37.80936,-122.293388
1302218222,2.5,0.007,37.809363,-122.293397
1302218223,2.5,0.008,37.809367,-122.293408
1302218224,2.5,0.007,37.809365,-122.293428
1302218225,2.5,0.006,37.809363,-122.293447
1302218226,2.5,0.007,37.809367,-122.293463
1302218227,2.5,0.007,37.809372,-122.29348
1302218228,2.5,0.007,37.809375,-122.293497
1302218229,2.5,0.006,37.80938,-122.293513
1302218230,2.5,0.007,37.809387,-122.293527
1302218231,2.5,0.008,37.8094,-122.293542
1302218232,2.5,0.007,37.809413,-122.293558
1302218233,2.5,0.007,37.809428,-122.293573
1302218234,2.5,0.006,37.809438,-122.29359
1302218235,2.5,0.007,37.809448,-122.293607
1302218236,2.5,0.006,37.809462,-122.293622
1302218237,2.5,0.006,37.809467,-122.293635
1302218238,2.5,0.006,37.809467,-122.29365
1302218239,2.5,0.005,37.809475,-122.293662
1302218240,2.5,0.006,37.80948,-122.293675
1302218241,2.5,0.006,37.809485,-122.293688
1302218242,2.5,0.006,37.809483,-122.293702
1302218243,2.5,0.006,37.809487,-122.293715
1302218244,2.5,0.005,37.809488,-122.29373
1302218245,2.5,0.006,37.809497,-122.293743
1302218246,2.5,0.007,37.809508,-122.293755
1302218247,2.5,0.007,37.809522,-122.293768
1302218248,2.5,0.006,37.809528,-122.293782
1302218249,2.5,0.005,37.809532,-122.293795
1302218250,2.5,0.006,37.809542,-122.293807
1302218251,2.5,0.006,37.809555,-122.29382
1302218252,2.5,0.005,37.809567,-122.293832
1302218253,2.5,0.006,37.80958,-122.293843
1302218254,2.5,0.005,37.809585,-122.293857
1302218255,2.5,0.005,37.809587,-122.293868
1302218256,2.5,0.005,37.809588,-122.29388
1302218257,2.5,0.005,37.809595,-122.293892
1302218258,2.5,0.006,37.809605,-122.293895
1302218259,2.5,0.005,37.80961,-122.293908
1302218260,2.5,0.006,37.809615,-122.293922
1302218261,2.5,0.006,37.80962,-122.293935
1302218262,2.5,0.006,37.809627,-122.29395
1302218263,2.5,0.006,37.809637,-122.293962
1302218264,2.5,0.006,37.809645,-122.293975
1302218265,2.5,0.006,37.809655,-122.293988
1302218266,2.5,0.006,37.80967,-122.294002
1302218267,2.5,0.007,37.809678,-122.294018
1302218268,2.5,0.006,37.809682,-122.294035
1302218269,2.5,0.005,37.809697,-122.294053
1302218270,2.5,0.006,37.809707,-122.29407
1302218271,2.5,0.006,37.809708,-122.294092
1302218272,2.5,0.007,37.80971,-122.29411
1302218273,2.5,0.008,37.809712,-122.29413
1302218274,2.5,0.007,37.809713,-122.29415
1302218275,2.5,0.006,37.809712,-122.294168
1302218276,2.5,0.007,37.809712,-122.294187
1302218277,2.5,0.006,37.809715,-122.294202
1302218278,2.5,0.006,37.809717,-122.29422
1302218279,2.5,0.007,37.809718,-122.294235
1302218280,2.5,0.01,37.809723,-122.294252
1302218281,2.5,0.008,37.809727,-122.294263
1302218282,2.5,0.007,37.80973,-122.294278
1302218283,2.5,0.006,37.809733,-122.294295
1302218284,2.5,0.006,37.809737,-122.294308
1302218285,2.5,0.006,37.80974,-122.29432
1302218286,2.5,0.006,37.809742,-122.294335
1302218287,2.5,0.006,37.809743,-122.294353
1302218288,2.5,0.006,37.809745,-122.294373
1302218289,2.5,0.006,37.809742,-122.294392
1302218290,2.5,0.007,37.80974,-122.29441
1302218291,2.5,0.006,37.809742,-122.294427
1302218292,2.5,0.006,37.809748,-122.294443
1302218293,2.5,0.007,37.809752,-122.29446
1302218294,2.5,0.007,37.809757,-122.294478
1302218295,2.5,0.005,37.809762,-122.294495
1302218296,2.5,0.006,37.809765,-122.294512
1302218297,2.5,0.006,37.80977,-122.294528
1302218298,2.5,0.005,37.809775,-122.294545
1302218299,2.5,0.007,37.809777,-122.294563
1302218300,2.5,0.007,37.809778,-122.29458
1302218301,2.5,0.007,37.809778,-122.294597
1302218302,2.5,0.006,37.809777,-122.29461
1302218303,2.5,0.006,37.809778,-122.294623
1302218304,2.5,0.006,37.809785,-122.294635
1302218305,2.5,0.006,37.809788,-122.294647
1302218306,2.5,0.006,37.809793,-122.294663
1302218307,2.5,0.006,37.809792,-122.29468
1302218308,2.5,0.007,37.809797,-122.294702
1302218309,2.5,0.007,37.809802,-122.294718
1302218310,2.5,0.006,37.809807,-122.294738
1302218311,2.5,0.006,37.809812,-122.294758
1302218312,2.5,0.007,37.809817,-122.294778
1302218313,2.5,0.007,37.80982,-122.294797
1302218314,2.5,0.007,37.809823,-122.294817
1302218315,2.5,0.006,37.809827,-122.294835
1302218316,2.5,0.007,37.809833,-122.294852
1302218317,2.5,0.007,37.80984,-122.294867
1302218318,2.5,0.007,37.809843,-122.294883
1302218319,2.5,0.007,37.809848,-122.294897
1302218320,2.5,0.008,37.809853,-122.29491
1302218321,2.5,0.008,37.809862,-122.294917
1302218322,2.5,0.006,37.809885,-122.294918
1302218323,2.5,0.006,37.809908,-122.29492
1302218324,2.5,0.006,37.809928,-122.294917
1302218325,2.5,0.006,37.809945,-122.294913
1302218326,2.5,0.006,37.809962,-122.294908
1302218327,2.5,0.007,37.809977,-122.2949
1302218328,2.5,0.007,37.809993,-122.294892
1302218329,2.5,0.007,37.810007,-122.294882
1302218330,2.5,0.007,37.81002,-122.294873
1302218331,2.5,0.007,37.810033,-122.294863
1302218332,2.5,0.007,37.810047,-122.294857
1302218333,2.5,0.007,37.810062,-122.29485
1302218334,2.5,0.007,37.810075,-122.294843
1302218335,2.5,0.011,37.81009,-122.294838
1302218336,2.5,0.011,37.810103,-122.294832
1302218337,2.5,0.007,37.810117,-122.294823
1302218338,2.5,0.005,37.810128,-122.294813
1302218339,2.5,0.005,37.81014,-122.294802
1302218340,2.5,0.007,37.810152,-122.294793
1302218341,2.5,0.007,37.810163,-122.294785
1302218342,2.5,0.008,37.810173,-122.294773
1302218343,2.5,0.007,37.810185,-122.294762
1302218344,2.5,0.007,37.810198,-122.294755
1302218345,2.5,0.007,37.810208,-122.294748
1302218346,2.5,0.008,37.81022,-122.294738
1302218347,2.5,0.007,37.81023,-122.29473
1302218348,2.5,0.006,37.810242,-122.294718
1302218349,2.5,0.006,37.810252,-122.29471
1302218350,2.5,0.006,37.810263,-122.294702
1302218351,2.5,0.007,37.810273,-122.294692
1302218352,2.5,0.006,37.810287,-122.294685
1302218353,2.5,0.006,37.8103,-122.294678
1302218354,2.5,0.007,37.81031,-122.294668
1302218355,2.5,0.007,37.810322,-122.29466
1302218356,2.5,0.008,37.810333,-122.29465
1302218357,2.5,0.009,37.810345,-122.29464
1302218358,2.5,0.009,37.81036,-122.29463
1302218359,2.5,0.005,37.810375,-122.29462
1302218360,2.5,0.007,37.810392,-122.294612
1302218361,2.5,0.008,37.810407,-122.294605
1302218362,2.5,0.007,37.810417,-122.294598
1302218363,2.5,0.007,37.81043,-122.29459
1302218364,2.5,0.007,37.810443,-122.294585
1302218365,2.5,0.008,37.810455,-122.294583
1302218366,2.5,0.01,37.810467,-122.294578
1302218367,2.5,0.008,37.810478,-122.294572
1302218368,2.5,0.008,37.810485,-122.29456
1302218369,2.5,0.008,37.810495,-122.294547
1302218370,2.5,0.008,37.810505,-122.294533
1302218371,2.5,0.007,37.810512,-122.294522
1302218372,2.5,0.007,37.81052,-122.294517
1302218373,2.5,0.007,37.810528,-122.294508
1302218374,2.5,0.008,37.810538,-122.294498
1302218375,2.5,0.008,37.810548,-122.294487
1302218376,2.5,0.008,37.810558,-122.294478
1302218377,2.5,0.007,37.810568,-122.29447
1302218378,2.5,0.006,37.810578,-122.294462
1302218379,2.5,0.007,37.810587,-122.294452
1302218380,2.5,0.008,37.810597,-122.294442
1302218381,2.5,0.008,37.810608,-122.294432
1302218382,2.5,0.01,37.810618,-122.29442
1302218383,2.5,0.011,37.810637,-122.294412
1302218384,2.5,0.007,37.810653,-122.294405
1302218385,2.5,0.007,37.810668,-122.294397
1302218386,2.5,0.007,37.810683,-122.294388
1302218387,2.5,0.007,37.810698,-122.294383
1302218388,2.5,0.008,37.810713,-122.294375
1302218389,2.5,0.007,37.810728,-122.294367
1302218390,2.5,0.008,37.81074,-122.29436
1302218391,2.5,0.009,37.810753,-122.294355
1302218392,2.5,0.007,37.810765,-122.294343
1302218393,2.5,0.007,37.810777,-122.294333
1302218394,2.5,0.007,37.810787,-122.294318
1302218395,2.5,0.007,37.8108,-122.294303
1302218396,2.5,0.008,37.810813,-122.294293
1302218397,2.5,0.007,37.810823,-122.294282
1302218398,2.5,0.008,37.810837,-122.294272
1302218399,2.5,0.008,37.810847,-122.294262
1302218400,2.5,0.009,37.81086,-122.294252
1302218401,2.5,0.008,37.810872,-122.294242
1302218402,2.5,0.006,37.810883,-122.29423
1302218403,2.5,0.007,37.810897,-122.294222
1302218404,2.5,0.009,37.810907,-122.294208
1302218405,2.5,0.008,37.810913,-122.294198
1302218406,2.5,0.008,37.810925,-122.294188
1302218407,2.5,0.008,37.810937,-122.294175
1302218408,2.5,0.008,37.810948,-122.294165
1302218409,2.5,0.007,37.810957,-122.294157
1302218410,2.5,0.008,37.810968,-122.294148
1302218411,2.5,0.007,37.810985,-122.294135
1302218412,2.5,0.007,37.811002,-122.294125
1302218413,2.5,0.008,37.811013,-122.29412
1302218414,2.5,0.009,37.811025,-122.29411
1302218415,2.5,0.01,37.811037,-122.294102
1302218416,2.5,0.011,37.811047,-122.294093
1302218417,2.5,0.008,37.811058,-122.294083
1302218418,2.5,0.007,37.811068,-122.294072
1302218419,2.5,0.008,37.81108,-122.294062
1302218420,2.5,0.01,37.81109,-122.294052
1302218421,2.5,0.008,37.811102,-122.294042
1302218422,2.5,0.007,37.811117,-122.294033
1302218423,2.5,0.008,37.81113,-122.294027
1302218424,2.5,0.007,37.811143,-122.294022
1302218425,2.5,0.007,37.811155,-122.294013
1302218426,2.5,0.007,37.811165,-122.294003
1302218427,2.5,0.008,37.811177,-122.293995
1302218428,2.5,0.009,37.811183,-122.293985
1302218429,2.5,0.007,37.811198,-122.293965
1302218430,2.5,0.008,37.811207,-122.293957
1302218431,2.5,0.008,37.811217,-122.29394
1302218432,2.5,0.008,37.811223,-122.293933
1302218433,2.5,0.01,37.811228,-122.293935
1302218434,2.5,0.009,37.811233,-122.293945
1302218435,2.5,0.009,37.81124,-122.293958
1302218436,2.5,0.009,37.811248,-122.293972
1302218437,2.5,0.008,37.811255,-122.293987
1302218438,2.5,0.007,37.811263,-122.294002
1302218439,2.5,0.007,37.811273,-122.294015
1302218440,2.5,0.01,37.81128,-122.29403
1302218441,2.5,0.01,37.81129,-122.294043
1302218442,2.5,0.008,37.811297,-122.294058
1302218443,2.5,0.008,37.811302,-122.294073
1302218444,2.5,0.008,37.811312,-122.294083
1302218445,2.5,0.01,37.811322,-122.294088
1302218446,2.5,0.01,37.811322,-122.29409
1302218447,2.5,0.01,37.811327,-122.29409
1302218448,2.5,0.009,37.811335,-122.294093
1302218449,2.5,0.009,37.811357,-122.294093
1302218450,2.5,0.011,37.811373,-122.294087
1302218451,2.5,0.01,37.811387,-122.294078
1302218452,2.5,0.009,37.811398,-122.294068
1302218453,2.5,0.009,37.811412,-122.294057
1302218454,2.5,0.008,37.811423,-122.294047
1302218455,2.5,0.009,37.811435,-122.294037
1302218456,2.5,0.01,37.811447,-122.294028
1302218457,2.5,0.009,37.811458,-122.29402
1302218458,2.5,0.008,37.81147,-122.294012
1302218459,2.5,0.008,37.811483,-122.294003
1302218460,2.5,0.008,37.811497,-122.293998
1302218461,2.5,0.008,37.811508,-122.293995
1302218462,2.5,0.008,37.81152,-122.29399
1302218463,2.5,0.008,37.811532,-122.293983
1302218464,2.5,0.008,37.811545,-122.293978
1302218465,2.5,0.007,37.811557,-122.29397
1302218466,2.5,0.007,37.811567,-122.293957
1302218467,2.5,0.008,37.811577,-122.293943
1302218468,2.5,0.008,37.811587,-122.29393
1302218469,2.5,0.007,37.811597,-122.293917
1302218470,2.5,0.008,37.811607,-122.293907
1302218471,2.5,0.007,37.811617,-122.293898
1302218472,2.5,0.008,37.811627,-122.293888
1302218473,2.5,0.009,37.811637,-122.293882
1302218474,2.5,0.008,37.811648,-122.293877
1302218475,2.5,0.009,37.81166,-122.293865
1302218476,2.5,0.009,37.811672,-122.293852
1302218477,2.5,0.009,37.811682,-122.293842
1302218478,2.5,0.008,37.811692,-122.293827
1302218479,2.5,0.011,37.811703,-122.293818
1302218480,2.5,0.012,37.811717,-122.29381
1302218481,2.5,0.009,37.81173,-122.293803
1302218482,2.5,0.009,37.811742,-122.293798
1302218483,2.5,0.008,37.811753,-122.29379
1302218484,2.5,0.007,37.811763,-122.293778
1302218485,2.5,0.008,37.811773,-122.293767
1302218486,2.5,0.008,37.811783,-122.293755
1302218487,2.5,0.007,37.811793,-122.29374
1302218488,2.5,0.008,37.811803,-122.293727
1302218489,2.5,0.008,37.811812,-122.293715
1302218490,2.5,0.007,37.811822,-122.293703
1302218491,2.5,0.006,37.811837,-122.2937
1302218492,2.5,0.006,37.81185,-122.293695
1302218493,2.5,0.007,37.811863,-122.293688
1302218494,2.5,0.008,37.811877,-122.293683
1302218495,2.5,0.008,37.81189,-122.293677
1302218496,2.5,0.007,37.811902,-122.293668
1302218497,2.5,0.008,37.811915,-122.293667
1302218498,2.5,0.008,37.811927,-122.293658
1302218499,2.5,0.007,37.811938,-122.293645
1302218500,2.5,0.007,37.811948,-122.293638
1302218501,2.5,0.007,37.81196,-122.29363
1302218502,2.5,0.007,37.81197,-122.293617
1302218503,2.5,0.006,37.811983,-122.293607
1302218504,2.5,0.007,37.811995,-122.293597
1302218505,2.5,0.008,37.812008,-122.293588
1302218506,2.5,0.007,37.812025,-122.293583
1302218507,2.5,0.006,37.81204,-122.293577
1302218508,2.5,0.007,37.812053,-122.293567
1302218509,2.5,0.007,37.812063,-122.293553
1302218510,2.5,0.006,37.812073,-122.293538
1302218511,2.5,0.007,37.812083,-122.293522
1302218512,2.5,0.008,37.812095,-122.29351
1302218513,2.5,0.006,37.812107,-122.2935
1302218514,2.5,0.007,37.81212,-122.29349
1302218515,2.5,0.007,37.812132,-122.293483
1302218516,2.5,0.006,37.812143,-122.293472
1302218517,2.5,0.007,37.812153,-122.293462
1302218518,2.5,0.007,37.812165,-122.293452
1302218519,2.5,0.006,37.812178,-122.293445
1302218520,2.5,0.007,37.81219,-122.293435
1302218521,2.5,0.008,37.812202,-122.293427
1302218522,2.5,0.008,37.812213,-122.293413
1302218523,2.5,0.007,37.812227,-122.293403
1302218524,2.5,0.006,37.812237,-122.293393
1302218525,2.5,0.006,37.812248,-122.293382
1302218526,2.5,0.007,37.812258,-122.293367
1302218527,2.5,0.007,37.812272,-122.293358
1302218528,2.5,0.007,37.812285,-122.293352
1302218529,2.5,0.009,37.812298,-122.293345
1302218530,2.5,0.008,37.812312,-122.293338
1302218531,2.5,0.006,37.812325,-122.293332
1302218532,2.5,0.007,37.812338,-122.293323
1302218533,2.5,0.006,37.812352,-122.293315
1302218534,2.5,0.006,37.812365,-122.293308
1302218535,2.5,0.007,37.81238,-122.293303
1302218536,2.5,0.007,37.812392,-122.293297
1302218537,2.5,0.007,37.812403,-122.293288
1302218538,2.5,0.008,37.812412,-122.29327
1302218539,2.5,0.007,37.81242,-122.293253
1302218540,2.5,0.007,37.81243,-122.293242
1302218541,2.5,0.006,37.812443,-122.293232
1302218542,2.5,0.006,37.812455,-122.29322
1302218543,2.5,0.006,37.812468,-122.29321
1302218544,2.5,0.007,37.812478,-122.293197
1302218545,2.5,0.008,37.81249,-122.293187
1302218546,2.5,0.007,37.812502,-122.293177
1302218547,2.5,0.009,37.812513,-122.293168
1302218548,2.5,0.007,37.812525,-122.293158
1302218549,2.5,0.008,37.812537,-122.293147
1302218550,2.5,0.007,37.812548,-122.293137
1302218551,2.5,0.007,37.81256,-122.293128
1302218552,2.5,0.008,37.812573,-122.29312
1302218553,2.5,0.008,37.812583,-122.29311
1302218554,2.5,0.008,37.812595,-122.2931
1302218555,2.5,0.007,37.812607,-122.293087
1302218556,2.5,0.007,37.81262,-122.293075
1302218557,2.5,0.006,37.812632,-122.293067
1302218558,2.5,0.006,37.812645,-122.29306
1302218559,2.5,0.007,37.812657,-122.293052
1302218560,2.5,0.008,37.812668,-122.293042
1302218561,2.5,0.008,37.81268,-122.293033
1302218562,2.5,0.009,37.812692,-122.293023
1302218563,2.5,0.008,37.812703,-122.293015
1302218564,2.5,0.008,37.812713,-122.293003
1302218565,2.5,0.008,37.812723,-122.29299
1302218566,2.5,0.008,37.812735,-122.292973
1302218567,2.5,0.007,37.812747,-122.292962
1302218568,2.5,0.007,37.812758,-122.292952
1302218569,2.5,0.008,37.812768,-122.292942
1302218570,2.5,0.007,37.81278,-122.292932
1302218571,2.5,0.006,37.81279,-122.292922
1302218572,2.5,0.006,37.812802,-122.292912
1302218573,2.5,0.008,37.812815,-122.292902
1302218574,2.5,0.007,37.812827,-122.292893
1302218575,2.5,0.005,37.81284,-122.292885
1302218576,2.5,0.006,37.812852,-122.292878
1302218577,2.5,0.01,37.812863,-122.292877
1302218578,2.5,0.013,37.812875,-122.292877
1302218579,2.5,0.015,37.81289,-122.292872
1302218580,2.5,0.013,37.812903,-122.292867
1302218581,2.5,0.016,37.812918,-122.292865
1302218582,2.5,0.025,37.812933,-122.292863
1302218583,2.5,0.027,37.812948,-122.29286
1302218584,2.5,0.024,37.812963,-122.292855
1302218585,2.5,0.012,37.812977,-122.292847
1302218586,2.5,0.006,37.812988,-122.292838
1302218587,2.5,0.007,37.813,-122.292832
1302218588,2.5,0.006,37.813012,-122.292823
1302218589,2.5,0.006,37.813023,-122.292815
1302218590,2.5,0.006,37.813037,-122.292805
1302218591,2.5,0.006,37.813048,-122.292795
1302218592,2.5,0.006,37.81306,-122.292783
1302218593,2.5,0.006,37.813073,-122.292773
1302218594,2.5,0.006,37.813087,-122.292768
1302218595,2.5,0.006,37.8131,-122.292763
1302218596,2.5,0.006,37.81311,-122.292757
1302218597,2.5,0.006,37.813122,-122.292748
1302218598,2.5,0.006,37.813132,-122.292735
1302218599,2.5,0.007,37.813138,-122.292715
1302218600,2.5,0.006,37.81315,-122.292703
1302218601,2.5,0.006,37.813157,-122.292683
1302218602,2.5,0.006,37.813167,-122.292672
1302218603,2.5,0.006,37.81318,-122.292667
1302218604,2.5,0.006,37.813188,-122.292657
1302218605,2.5,0.007,37.8132,-122.292647
1302218606,2.5,0.007,37.813208,-122.292637
1302218607,2.5,0.007,37.813217,-122.292623
1302218608,2.5,0.007,37.813227,-122.292608
1302218609,2.5,0.006,37.813238,-122.292595
1302218610,2.5,0.006,37.81325,-122.292582
1302218611,2.5,0.007,37.813262,-122.292575
1302218612,2.5,0.006,37.813273,-122.292567
1302218613,2.5,0.006,37.813287,-122.292558
1302218614,2.5,0.006,37.813298,-122.292548
1302218615,2.5,0.006,37.813312,-122.292538
1302218616,2.5,0.006,37.813325,-122.29253
1302218617,2.5,0.007,37.813338,-122.292522
1302218618,2.5,0.007,37.813352,-122.292513
1302218619,2.5,0.006,37.813363,-122.292505
1302218620,2.5,0.006,37.813375,-122.292493
1302218621,2.5,0.006,37.813387,-122.292483
1302218622,2.5,0.006,37.8134,-122.29249
1302218623,2.5,0.006,37.813415,-122.292507
1302218624,2.5,0.007,37.813427,-122.292525
1302218625,2.5,0.006,37.813432,-122.292537
1302218626,2.5,0.006,37.813437,-122.292553
1302218627,2.5,0.006,37.813443,-122.29257
1302218628,2.5,0.005,37.813447,-122.292587
1302218629,2.5,0.006,37.81345,-122.292602
1302218630,2.5,0.006,37.813452,-122.292618
1302218631,2.5,0.005,37.813455,-122.292637
1302218632,2.5,0.005,37.813462,-122.292652
1302218633,2.5,0.006,37.813472,-122.292665
1302218634,2.5,0.006,37.813477,-122.29268
1302218635,2.5,0.007,37.81348,-122.292697
1302218636,2.5,0.007,37.813483,-122.292712
1302218637,2.5,0.007,37.813487,-122.292728
1302218638,2.5,0.007,37.813483,-122.292748
1302218639,2.5,0.006,37.813488,-122.292767
1302218640,2.5,0.007,37.813493,-122.292782
1302218641,2.5,0.007,37.813502,-122.292795
1302218642,2.5,0.007,37.81352,-122.292805
1302218643,2.5,0.006,37.813535,-122.292818
1302218644,2.5,0.006,37.813553,-122.292828
1302218645,2.5,0.006,37.81357,-122.292838
1302218646,2.5,0.005,37.813583,-122.292853
1302218647,2.5,0.006,37.813598,-122.292867
1302218648,2.5,0.006,37.813607,-122.292883
1302218649,2.5,0.007,37.813612,-122.2929
1302218650,2.5,0.007,37.813615,-122.292915
1302218651,2.5,0.007,37.81362,-122.29293
1302218652,2.5,0.008,37.813623,-122.292947
1302218653,2.5,0.007,37.813628,-122.292962
1302218654,2.5,0.008,37.813633,-122.292975
1302218655,2.5,0.008,37.813637,-122.292987
1302218656,2.5,0.007,37.81364,-122.292998
1302218657,2.5,0.007,37.81365,-122.29301
1302218658,2.5,0.006,37.813655,-122.293025
1302218659,2.5,0.007,37.81366,-122.293038
1302218660,2.5,0.007,37.813665,-122.293053
1302218661,2.5,0.007,37.813672,-122.293067
1302218662,2.5,0.007,37.813678,-122.29308
1302218663,2.5,0.007,37.813682,-122.293095
1302218664,2.5,0.005,37.813685,-122.29311
1302218665,2.5,0.005,37.81369,-122.293125
1302218666,2.5,0.007,37.813697,-122.29314
1302218667,2.5,0.009,37.813707,-122.293157
1302218668,2.5,0.007,37.813713,-122.29317
1302218669,2.5,0.007,37.813722,-122.293183
1302218670,2.5,0.006,37.813725,-122.293198
1302218671,2.5,0.006,37.813728,-122.293215
1302218672,2.5,0.006,37.813742,-122.29323
1302218673,2.5,0.005,37.813753,-122.293247
1302218674,2.5,0.006,37.813765,-122.293262
1302218675,2.5,0.007,37.813777,-122.293278
1302218676,2.5,0.007,37.813787,-122.293295
1302218677,2.5,0.007,37.8138,-122.293312
1302218678,2.5,0.007,37.813808,-122.293328
1302218679,2.5,0.006,37.813817,-122.293343
1302218680,2.5,0.007,37.813822,-122.29336
1302218681,2.5,0.007,37.81383,-122.293375
1302218682,2.5,0.007,37.813835,-122.293392
1302218683,2.5,0.007,37.813842,-122.293408
1302218684,2.5,0.007,37.813845,-122.293425
1302218685,2.5,0.006,37.813847,-122.293442
1302218686,2.5,0.006,37.81385,-122.293458
1302218687,2.5,0.007,37.813852,-122.293472
1302218688,2.5,0.007,37.813858,-122.293488
1302218689,2.5,0.006,37.813863,-122.293505
1302218690,2.5,0.006,37.813868,-122.29352
1302218691,2.5,0.008,37.81387,-122.293535
1302218692,2.5,0.008,37.813872,-122.293552
1302218693,2.5,0.007,37.813872,-122.293568
1302218694,2.5,0.006,37.813873,-122.293583
1302218695,2.5,0.006,37.813873,-122.293593
1302218696,2.5,0.006,37.81387,-122.293603
1302218697,2.5,0.006,37.813862,-122.293617
1302218698,2.5,0.006,37.813855,-122.293627
1302218699,2.5,0.005,37.81385,-122.293637
1302218700,2.5,0.006,37.81384,-122.293645
1302218701,2.5,0.006,37.813833,-122.29365
1302218702,2.5,0.007,37.813822,-122.293662
1302218703,2.5,0.006,37.81381,-122.29367
1302218704,2.5,0.004,37.813797,-122.293682
1302218705,2.5,0.005,37.813785,-122.293693
1302218706,2.5,0.006,37.813772,-122.293707
1302218707,2.5,0.005,37.813762,-122.293718
1302218708,2.5,0.005,37.81375,-122.293728
1302218709,2.5,0.005,37.81374,-122.293735
1302218710,2.5,0.006,37.813727,-122.293748
1302218711,2.5,0.007,37.813715,-122.29376
1302218712,2.5,0.006,37.813708,-122.293777
1302218713,2.5,0.004,37.8137,-122.293797
1302218714,2.5,0.002,37.813697,-122.293813
1302218715,2.5,0.004,37.813688,-122.293825
1302218716,2.5,0.006,37.813678,-122.293835
1302218717,2.5,0.006,37.813665,-122.293837
1302218718,2.5,0.006,37.813653,-122.29385
1302218719,2.5,0.011,37.813647,-122.293862
1302218720,2.5,0.022,37.813632,-122.293868
1302218721,2.5,0.008,37.813618,-122.293885
1302218722,2.5,0.006,37.813607,-122.293892
1302218723,2.5,0.007,37.813595,-122.293898
1302218724,2.5,0.007,37.813578,-122.293902
1302218725,2.5,0.006,37.813567,-122.293917
1302218726,2.5,0.006,37.813553,-122.293933
1302218727,2.5,0.006,37.813542,-122.293945
1302218728,2.5,0.005,37.813528,-122.293957
1302218729,2.5,0.006,37.81352,-122.293973
1302218730,2.5,0.007,37.81351,-122.293985
1302218731,2.5,0.006,37.813507,-122.294007
1302218732,2.5,0.005,37.8135,-122.294032
1302218733,2.5,0.006,37.813487,-122.29404
1302218734,2.5,0.007,37.813473,-122.29405
1302218735,2.5,0.006,37.813458,-122.294055
1302218736,2.5,0.007,37.813448,-122.294068
1302218737,2.5,0.007,37.813438,-122.294078
1302218738,2.5,0.008,37.813423,-122.294082
1302218739,2.5,0.008,37.813412,-122.294087
1302218740,2.5,0.007,37.813402,-122.294093
1302218741,2.5,0.007,37.81339,-122.2941
1302218742,2.5,0.006,37.813378,-122.294108
1302218743,2.5,0.005,37.813367,-122.294118
1302218744,2.5,0.006,37.813355,-122.294127
1302218745,2.5,0.009,37.813343,-122.294133
1302218746,2.5,0.009,37.813333,-122.294142
1302218747,2.5,0.009,37.813322,-122.29415
1302218748,2.5,0.007,37.813308,-122.294158
1302218749,2.5,0.006,37.813297,-122.294167
1302218750,2.5,0.007,37.813285,-122.29417
1302218751,2.5,0.006,37.813273,-122.29418
1302218752,2.5,0.006,37.813262,-122.294183
1302218753,2.5,0.005,37.813252,-122.294192
1302218754,2.5,0.005,37.813243,-122.294202
1302218755,2.5,0.005,37.813233,-122.294218
1302218756,2.5,0.007,37.813222,-122.29423
1302218757,2.5,0.008,37.813208,-122.294242
1302218758,2.5,0.006,37.813197,-122.29425
1302218759,2.5,0.007,37.813183,-122.294262
1302218760,2.5,0.007,37.813168,-122.294277
1302218761,2.5,0.007,37.813155,-122.294285
1302218762,2.5,0.008,37.813143,-122.294295
1302218763,2.5,0.008,37.81313,-122.294303
1302218764,2.5,0.007,37.813118,-122.29431
1302218765,2.5,0.007,37.813105,-122.29432
1302218766,2.5,0.007,37.813095,-122.294328
1302218767,2.5,0.008,37.813087,-122.294333
1302218768,2.5,0.008,37.813077,-122.294342
1302218769,2.5,0.008,37.813067,-122.294353
1302218770,2.5,0.008,37.813053,-122.294365
1302218771,2.5,0.007,37.813042,-122.294373
1302218772,2.5,0.007,37.813032,-122.294378
1302218773,2.5,0.008,37.81302,-122.294385
1302218774,2.5,0.008,37.81301,-122.294395
1302218775,2.5,0.008,37.812998,-122.294407
1302218776,2.5,0.007,37.81299,-122.294418
1302218777,2.5,0.006,37.81298,-122.294432
1302218778,2.5,0.007,37.81297,-122.294443
1302218779,2.5,0.007,37.812958,-122.294453
1302218780,2.5,0.007,37.812947,-122.294462
1302218781,2.5,0.007,37.812935,-122.29447
1302218782,2.5,0.006,37.812925,-122.29448
1302218783,2.5,0.007,37.812912,-122.29449
1302218784,2.5,0.006,37.8129,-122.294497
1302218785,2.5,0.006,37.812887,-122.294505
1302218786,2.5,0.007,37.812872,-122.294512
1302218787,2.5,0.009,37.81286,-122.294517
1302218788,2.5,0.009,37.812847,-122.294523
1302218789,2.5,0.008,37.812832,-122.29453
1302218790,2.5,0.007,37.812817,-122.294542
1302218791,2.5,0.007,37.812803,-122.294548
1302218792,2.5,0.008,37.812792,-122.294557
1302218793,2.5,0.007,37.812782,-122.294565
1302218794,2.5,0.008,37.812768,-122.294575
1302218795,2.5,0.008,37.812757,-122.294583
1302218796,2.5,0.006,37.812745,-122.294592
1302218797,2.5,0.007,37.812733,-122.2946
1302218798,2.5,0.007,37.812722,-122.294608
1302218799,2.5,0.007,37.812712,-122.294615
1302218800,2.5,0.006,37.8127,-122.294623
1302218801,2.5,0.007,37.81269,-122.294632
1302218802,2.5,0.011,37.812677,-122.29464
1302218803,2.5,0.007,37.812665,-122.294648
1302218804,2.5,0.007,37.812653,-122.294655
1302218805,2.5,0.007,37.812642,-122.294663
1302218806,2.5,0.007,37.81263,-122.294673
1302218807,2.5,0.007,37.81262,-122.294682
1302218808,2.5,0.006,37.81261,-122.294692
1302218809,2.5,0.007,37.812597,-122.2947
1302218810,2.5,0.008,37.812582,-122.294708
1302218811,2.5,0.008,37.812567,-122.294713
1302218812,2.5,0.007,37.812553,-122.29472
1302218813,2.5,0.008,37.812542,-122.294728
1302218814,2.5,0.008,37.81253,-122.294738
1302218815,2.5,0.007,37.81252,-122.294747
1302218816,2.5,0.007,37.812508,-122.294755
1302218817,2.5,0.008,37.812493,-122.294763
1302218818,2.5,0.008,37.81248,-122.29477
1302218819,2.5,0.008,37.812463,-122.294778
1302218820,2.5,0.008,37.812452,-122.294783
1302218821,2.5,0.008,37.81244,-122.29479
1302218822,2.5,0.01,37.812425,-122.294812
1302218823,2.5,0.01,37.812418,-122.294827
1302218824,2.5,0.008,37.812408,-122.29484
1302218825,2.5,0.008,37.8124,-122.294853
1302218826,2.5,0.007,37.812388,-122.29486
1302218827,2.5,0.008,37.812378,-122.294867
1302218828,2.5,0.008,37.812365,-122.294873
1302218829,2.5,0.009,37.812353,-122.294878
1302218830,2.5,0.009,37.81234,-122.294887
1302218831,2.5,0.008,37.812328,-122.294897
1302218832,2.5,0.008,37.812313,-122.29491
1302218833,2.5,0.008,37.812302,-122.294918
1302218834,2.5,0.007,37.812292,-122.294925
1302218835,2.5,0.008,37.81228,-122.294935
1302218836,2.5,0.008,37.812268,-122.294943
1302218837,2.5,0.007,37.812258,-122.29495
1302218838,2.5,0.008,37.812245,-122.294957
1302218839,2.5,0.007,37.812233,-122.294963
1302218840,2.5,0.007,37.812222,-122.29497
1302218841,2.5,0.008,37.81221,-122.294978
1302218842,2.5,0.009,37.812203,-122.294997
1302218843,2.5,0.008,37.812193,-122.29501
1302218844,2.5,0.007,37.812183,-122.29502
1302218845,2.5,0.007,37.812172,-122.295028
1302218846,2.5,0.007,37.812162,-122.29504
1302218847,2.5,0.007,37.812152,-122.295052
1302218848,2.5,0.008,37.812142,-122.295062
1302218849,2.5,0.008,37.812133,-122.29508
1302218850,2.5,0.007,37.812123,-122.295095
1302218851,2.5,0.008,37.812113,-122.295108
1302218852,2.5,0.007,37.812103,-122.29512
1302218853,2.5,0.008,37.812092,-122.29513
1302218854,2.5,0.007,37.81208,-122.295142
1302218855,2.5,0.007,37.812068,-122.29515
1302218856,2.5,0.008,37.812053,-122.29516
1302218857,2.5,0.01,37.81204,-122.295167
1302218858,2.5,0.011,37.812028,-122.295175
1302218859,2.5,0.009,37.812017,-122.295185
1302218860,2.5,0.009,37.812007,-122.295197
1302218861,2.5,0.009,37.811995,-122.295205
1302218862,2.5,0.01,37.811982,-122.295215
1302218863,2.5,0.014,37.811973,-122.295223
1302218864,2.5,0.014,37.811963,-122.295242
1302218865,2.5,0.008,37.811957,-122.295258
1302218866,2.5,0.011,37.811953,-122.29527
1302218867,2.5,0.011,37.811952,-122.295285
1302218868,2.5,0.011,37.811952,-122.295302
1302218869,2.5,0.009,37.811952,-122.295322
1302218870,2.5,0.011,37.811957,-122.295338
1302218871,2.5,0.012,37.811965,-122.295352
1302218872,2.5,0.008,37.81198,-122.295367
1302218873,2.5,0.009,37.811985,-122.295382
1302218874,2.5,0.008,37.811987,-122.295398
1302218875,2.5,0.009,37.811993,-122.295408
1302218876,2.5,0.009,37.811995,-122.295423
1302218877,2.5,0.007,37.811997,-122.29544
1302218878,2.5,0.008,37.811997,-122.295457
1302218879,2.5,0.007,37.812,-122.295473
1302218880,2.5,0.009,37.812,-122.29549
1302218881,2.5,0.009,37.812003,-122.295505
1302218882,2.5,0.009,37.812007,-122.29552
1302218883,2.5,0.01,37.812017,-122.295537
1302218884,2.5,0.009,37.812033,-122.295548
1302218885,2.5,0.01,37.81204,-122.295562
1302218886,2.5,0.009,37.812055,-122.295573
1302218887,2.5,0.008,37.812067,-122.295585
1302218888,2.5,0.008,37.812075,-122.2956
1302218889,2.5,0.007,37.812087,-122.295613
1302218890,2.5,0.007,37.812098,-122.295627
1302218891,2.5,0.007,37.812107,-122.295642
1302218892,2.5,0.007,37.812108,-122.295658
1302218893,2.5,0.008,37.812112,-122.295673
1302218894,2.5,0.01,37.812115,-122.295687
1302218895,2.5,0.009,37.812118,-122.295702
1302218896,2.5,0.008,37.812123,-122.295717
1302218897,2.5,0.007,37.81214,-122.295725
1302218898,2.5,0.006,37.812148,-122.295742
1302218899,2.5,0.007,37.812155,-122.295758
1302218900,2.5,0.008,37.81216,-122.295773
1302218901,2.5,0.008,37.812167,-122.295788
1302218902,2.5,0.007,37.812172,-122.295803
1302218903,2.5,0.008,37.812177,-122.295818
1302218904,2.5,0.008,37.812183,-122.295833
1302218905,2.5,0.008,37.812188,-122.295848
1302218906,2.5,0.008,37.812193,-122.295865
1302218907,2.5,0.007,37.812197,-122.295882
1302218908,2.5,0.007,37.812203,-122.295897
1302218909,2.5,0.007,37.812208,-122.295913
1302218910,2.5,0.009,37.812215,-122.29593
1302218911,2.5,0.009,37.812223,-122.295947
1302218912,2.5,0.006,37.812232,-122.295963
1302218913,2.5,0.006,37.812238,-122.29598
1302218914,2.5,0.006,37.812252,-122.295988
1302218915,2.5,0.006,37.812255,-122.296005
1302218916,2.5,0.007,37.81226,-122.296022
1302218917,2.5,0.007,37.812265,-122.296038
1302218918,2.5,0.007,37.81227,-122.296055
1302218919,2.5,0.006,37.812275,-122.296072
1302218920,2.5,0.007,37.81228,-122.296085
1302218921,2.5,0.006,37.812287,-122.296098
1302218922,2.5,0.006,37.812293,-122.296115
1302218923,2.5,0.006,37.812303,-122.29613
1302218924,2.5,0.008,37.812313,-122.296145
1302218925,2.5,0.007,37.812323,-122.296163
1302218926,2.5,0.006,37.812333,-122.29618
1302218927,2.5,0.005,37.812343,-122.296197
1302218928,2.5,0.005,37.812352,-122.296212
1302218929,2.5,0.006,37.812357,-122.296225
1302218930,2.5,0.006,37.812363,-122.29624
1302218931,2.5,0.006,37.81237,-122.296257
1302218932,2.5,0.005,37.812378,-122.296273
1302218933,2.5,0.006,37.812383,-122.29629
1302218934,2.5,0.007,37.812388,-122.296305
1302218935,2.5,0.007,37.812395,-122.29632
1302218936,2.5,0.006,37.812402,-122.296333
1302218937,2.5,0.006,37.812408,-122.296348
1302218938,2.5,0.006,37.812417,-122.29636
1302218939,2.5,0.006,37.81242,-122.296373
1302218940,2.5,0.006,37.812425,-122.296387
1302218941,2.5,0.006,37.81243,-122.2964
1302218942,2.5,0.006,37.812438,-122.296413
1302218943,2.5,0.006,37.812445,-122.296428
1302218944,2.5,0.008,37.812457,-122.296442
1302218945,2.5,0.007,37.812472,-122.296453
1302218946,2.5,0.006,37.812478,-122.296468
1302218947,2.5,0.006,37.812485,-122.296483
1302218948,2.5,0.007,37.812492,-122.2965
1302218949,2.5,0.008,37.8125,-122.296517
1302218950,2.5,0.006,37.812508,-122.296535
1302218951,2.5,0.006,37.812515,-122.29655
1302218952,2.5,0.006,37.812522,-122.296567
1302218953,2.5,0.006,37.812528,-122.296583
1302218954,2.5,0.007,37.812535,-122.296598
1302218955,2.5,0.009,37.812542,-122.296615
1302218956,2.5,0.009,37.812547,-122.296632
1302218957,2.5,0.009,37.812552,-122.296647
1302218958,2.5,0.008,37.81257,-122.296658
1302218959,2.5,0.007,37.812585,-122.29667
1302218960,2.5,0.007,37.812598,-122.296685
1302218961,2.5,0.007,37.81261,-122.296698
1302218962,2.5,0.007,37.812622,-122.296715
1302218963,2.5,0.006,37.812627,-122.296725
1302218964,2.5,0.007,37.812628,-122.296737
1302218965,2.5,0.007,37.812635,-122.296752
1302218966,2.5,0.006,37.81266,-122.296767
1302218967,2.5,0.006,37.812688,-122.296782
1302218968,2.5,0.007,37.812707,-122.296798
1302218969,2.5,0.007,37.81272,-122.296813
1302218970,2.5,0.006,37.81273,-122.29683
1302218971,2.5,0.007,37.81274,-122.296847
1302218972,2.5,0.008,37.81275,-122.296863
1302218973,2.5,0.007,37.812758,-122.296878
1302218974,2.5,0.008,37.812772,-122.296892
1302218975,2.5,0.01,37.81278,-122.296907
1302218976,2.5,0.008,37.812788,-122.296922
1302218977,2.5,0.008,37.812798,-122.296937
1302218978,2.5,0.007,37.812802,-122.296953
1302218979,2.5,0.006,37.812808,-122.29697
1302218980,2.5,0.007,37.812808,-122.296988
1302218981,2.5,0.007,37.812818,-122.297003
1302218982,2.5,0.007,37.812823,-122.29702
1302218983,2.5,0.007,37.812827,-122.297037
1302218984,2.5,0.007,37.812835,-122.297053
1302218985,2.5,0.005,37.812853,-122.297067
1302218986,2.5,0.006,37.812868,-122.297082
1302218987,2.5,0.007,37.812883,-122.297097
1302218988,2.5,0.006,37.812898,-122.29711
1302218989,2.5,0.006,37.812902,-122.297127
1302218990,2.5,0.005,37.812907,-122.297143
1302218991,2.5,0.005,37.812915,-122.297158
1302218992,2.5,0.005,37.81292,-122.297175
1302218993,2.5,0.006,37.812922,-122.297192
1302218994,2.5,0.006,37.812923,-122.297207
1302218995,2.5,0.005,37.812922,-122.297225
1302218996,2.5,0.006,37.812923,-122.29724
1302218997,2.5,0.007,37.812928,-122.297257
1302218998,2.5,0.006,37.812933,-122.297272
1302218999,2.5,0.007,37.812937,-122.297288
1302219000,2.5,0.006,37.812942,-122.297303
1302219001,2.5,0.006,37.812947,-122.29732
1302219002,2.5,0.006,37.812955,-122.297335
1302219003,2.5,0.006,37.812958,-122.297352
1302219004,2.5,0.006,37.812962,-122.297367
1302219005,2.5,0.007,37.812967,-122.297382
1302219006,2.5,0.006,37.81297,-122.297398
1302219007,2.5,0.006,37.812975,-122.297413
1302219008,2.5,0.006,37.812983,-122.297428
1302219009,2.5,0.006,37.81299,-122.297443
1302219010,2.5,0.007,37.812997,-122.29746
1302219011,2.5,0.007,37.813002,-122.297475
1302219012,2.5,0.007,37.813007,-122.297492
1302219013,2.5,0.007,37.813012,-122.297507
1302219014,2.5,0.005,37.813018,-122.297522
1302219015,2.5,0.006,37.813027,-122.297535
1302219016,2.5,0.007,37.813037,-122.297548
1302219017,2.5,0.007,37.813045,-122.297563
1302219018,2.5,0.006,37.813052,-122.297578
1302219019,2.5,0.006,37.81306,-122.297592
1302219020,2.5,0.007,37.813072,-122.297608
1302219021,2.5,0.006,37.81308,-122.297623
1302219022,2.5,0.006,37.813085,-122.297638
1302219023,2.5,0.006,37.813093,-122.297653
1302219024,2.5,0.006,37.813103,-122.29767
1302219025,2.5,0.007,37.813112,-122.297687
1302219026,2.5,0.007,37.81312,-122.297702
1302219027,2.5,0.007,37.81313,-122.297717
1302219028,2.5,0.008,37.813133,-122.297733
1302219029,2.5,0.007,37.813133,-122.297745
1302219030,2.5,0.007,37.813135,-122.297752
1302219031,2.5,0.008,37.813138,-122.297758
1302219032,2.5,0.006,37.81314,-122.297763
1302219033,2.5,0.007,37.813142,-122.297775
1302219034,2.5,0.007,37.813145,-122.297785
1302219035,2.5,0.006,37.813142,-122.297788
1302219036,2.5,0.008,37.81314,-122.297795
1302219037,2.5,0.01,37.813138,-122.297803
1302219038,2.5,0.01,37.813135,-122.297808
1302219039,2.5,0.008,37.813125,-122.297817
1302219040,2.5,0.007,37.813122,-122.297812
1302219041,2.5,0.006,37.813122,-122.297817
