Instrument Name,DustTrak II
Model Number,8530
Serial Number,8530100707
Firmware Version,3.0
Calibration Date,06/18/2013
Test Name,8530C_2-5_002
Test Start Time,12:40:35 PM
Test Start Date,07/17/2014
Test Length [D:H:M],0:0:53
Test Interval [M:S],0:1
Mass Average [mg/m3],0.006
Mass Minimum [mg/m3],0.000
Mass Maximum [mg/m3],0.052
Mass TWA [mg/m3],0.001
Photometric User Cal,1.00
Flow User Cal,0.00
Errors,
Number of Samples,3197

Elapsed Time [s],Mass [mg/m3],Alarms,Errors
1,0.008,,
2,0.008,,
3,0.009,,
4,0.008,,
5,0.007,,
6,0.008,,
7,0.008,,
8,0.009,,
9,0.008,,
10,0.007,,
11,0.007,,
12,0.007,,
13,0.007,,
14,0.007,,
15,0.008,,
16,0.011,,
17,0.009,,
18,0.008,,
19,0.008,,
20,0.007,,
21,0.008,,
22,0.007,,
23,0.007,,
24,0.007,,
25,0.007,,
26,0.008,,
27,0.007,,
28,0.009,,
29,0.010,,
30,0.007,,
31,0.006,,
32,0.006,,
33,0.008,,
34,0.007,,
35,0.007,,
36,0.009,,
37,0.009,,
38,0.007,,
39,0.007,,
40,0.007,,
41,0.008,,
42,0.008,,
43,0.008,,
44,0.007,,
45,0.008,,
46,0.007,,
47,0.008,,
48,0.008,,
49,0.009,,
50,0.009,,
51,0.007,,
52,0.007,,
53,0.008,,
54,0.008,,
55,0.009,,
56,0.013,,
57,0.020,,
58,0.021,,
59,0.018,,
60,0.018,,
61,0.016,,
62,0.011,,
63,0.008,,
64,0.008,,
65,0.007,,
66,0.007,,
67,0.008,,
68,0.009,,
69,0.010,,
70,0.010,,
71,0.009,,
72,0.008,,
73,0.008,,
74,0.007,,
75,0.009,,
76,0.009,,
77,0.009,,
78,0.008,,
79,0.009,,
80,0.009,,
81,0.010,,
82,0.010,,
83,0.011,,
84,0.009,,
85,0.008,,
86,0.009,,
87,0.010,,
88,0.008,,
89,0.009,,
90,0.009,,
91,0.008,,
92,0.008,,
93,0.009,,
94,0.008,,
95,0.008,,
96,0.009,,
97,0.008,,
98,0.009,,
99,0.008,,
100,0.008,,
101,0.009,,
102,0.009,,
103,0.009,,
104,0.009,,
105,0.009,,
106,0.009,,
107,0.008,,
108,0.009,,
109,0.009,,
110,0.008,,
111,0.008,,
112,0.008,,
113,0.008,,
114,0.008,,
115,0.009,,
116,0.009,,
117,0.009,,
118,0.009,,
119,0.009,,
120,0.008,,
121,0.008,,
122,0.008,,
123,0.008,,
124,0.008,,
125,0.009,,
126,0.008,,
127,0.008,,
128,0.009,,
129,0.009,,
130,0.011,,
131,0.009,,
132,0.009,,
133,0.009,,
134,0.008,,
135,0.008,,
136,0.008,,
137,0.008,,
138,0.008,,
139,0.009,,
140,0.009,,
141,0.008,,
142,0.007,,
143,0.008,,
144,0.009,,
145,0.009,,
146,0.008,,
147,0.009,,
148,0.009,,
149,0.009,,
150,0.008,,
151,0.009,,
152,0.008,,
153,0.009,,
154,0.008,,
155,0.009,,
156,0.009,,
157,0.010,,
158,0.009,,
159,0.008,,
160,0.009,,
161,0.009,,
162,0.008,,
163,0.008,,
164,0.008,,
165,0.008,,
166,0.008,,
167,0.009,,
168,0.009,,
169,0.009,,
170,0.009,,
171,0.009,,
172,0.009,,
173,0.009,,
174,0.009,,
175,0.008,,
176,0.009,,
177,0.009,,
178,0.008,,
179,0.008,,
180,0.009,,
181,0.009,,
182,0.010,,
183,0.009,,
184,0.008,,
185,0.008,,
186,0.009,,
187,0.007,,
188,0.007,,
189,0.008,,
190,0.008,,
191,0.008,,
192,0.008,,
193,0.008,,
194,0.008,,
195,0.008,,
196,0.008,,
197,0.007,,
198,0.008,,
199,0.009,,
200,0.008,,
201,0.008,,
202,0.008,,
203,0.009,,
204,0.009,,
205,0.008,,
206,0.007,,
207,0.007,,
208,0.009,,
209,0.009,,
210,0.008,,
211,0.009,,
212,0.009,,
213,0.008,,
214,0.008,,
215,0.009,,
216,0.009,,
217,0.009,,
218,0.008,,
219,0.008,,
220,0.008,,
221,0.009,,
222,0.009,,
223,0.010,,
224,0.010,,
225,0.008,,
226,0.008,,
227,0.009,,
228,0.009,,
229,0.008,,
230,0.008,,
231,0.008,,
232,0.009,,
233,0.009,,
234,0.008,,
235,0.009,,
236,0.009,,
237,0.009,,
238,0.010,,
239,0.010,,
240,0.010,,
241,0.010,,
242,0.010,,
243,0.009,,
244,0.009,,
245,0.009,,
246,0.009,,
247,0.010,,
248,0.011,,
249,0.010,,
250,0.010,,
251,0.009,,
252,0.009,,
253,0.009,,
254,0.009,,
255,0.009,,
256,0.009,,
257,0.009,,
258,0.008,,
259,0.009,,
260,0.009,,
261,0.009,,
262,0.009,,
263,0.009,,
264,0.009,,
265,0.009,,
266,0.009,,
267,0.009,,
268,0.011,,
269,0.011,,
270,0.008,,
271,0.009,,
272,0.010,,
273,0.010,,
274,0.010,,
275,0.009,,
276,0.009,,
277,0.010,,
278,0.010,,
279,0.011,,
280,0.011,,
281,0.010,,
282,0.011,,
283,0.010,,
284,0.010,,
285,0.010,,
286,0.009,,
287,0.009,,
288,0.010,,
289,0.011,,
290,0.011,,
291,0.010,,
292,0.011,,
293,0.011,,
294,0.011,,
295,0.010,,
296,0.011,,
297,0.011,,
298,0.011,,
299,0.012,,
300,0.011,,
301,0.012,,
302,0.011,,
303,0.011,,
304,0.012,,
305,0.014,,
306,0.013,,
307,0.013,,
308,0.013,,
309,0.013,,
310,0.012,,
311,0.013,,
312,0.013,,
313,0.011,,
314,0.012,,
315,0.012,,
316,0.011,,
317,0.011,,
318,0.012,,
319,0.012,,
320,0.012,,
321,0.011,,
322,0.011,,
323,0.011,,
324,0.011,,
325,0.011,,
326,0.011,,
327,0.011,,
328,0.011,,
329,0.011,,
330,0.011,,
331,0.011,,
332,0.011,,
333,0.011,,
334,0.011,,
335,0.011,,
336,0.011,,
337,0.011,,
338,0.011,,
339,0.011,,
340,0.011,,
341,0.011,,
342,0.010,,
343,0.010,,
344,0.010,,
345,0.011,,
346,0.010,,
347,0.009,,
348,0.010,,
349,0.010,,
350,0.010,,
351,0.010,,
352,0.009,,
353,0.008,,
354,0.008,,
355,0.009,,
356,0.008,,
357,0.008,,
358,0.009,,
359,0.009,,
360,0.010,,
361,0.009,,
362,0.008,,
363,0.008,,
364,0.009,,
365,0.009,,
366,0.011,,
367,0.013,,
368,0.009,,
369,0.009,,
370,0.008,,
371,0.008,,
372,0.008,,
373,0.008,,
374,0.009,,
375,0.009,,
376,0.010,,
377,0.010,,
378,0.009,,
379,0.009,,
380,0.009,,
381,0.009,,
382,0.009,,
383,0.009,,
384,0.009,,
385,0.009,,
386,0.010,,
387,0.009,,
388,0.008,,
389,0.008,,
390,0.008,,
391,0.008,,
392,0.008,,
393,0.008,,
394,0.008,,
395,0.008,,
396,0.008,,
397,0.008,,
398,0.008,,
399,0.009,,
400,0.008,,
401,0.008,,
402,0.007,,
403,0.007,,
404,0.008,,
405,0.009,,
406,0.008,,
407,0.008,,
408,0.008,,
409,0.007,,
410,0.008,,
411,0.008,,
412,0.008,,
413,0.007,,
414,0.009,,
415,0.009,,
416,0.009,,
417,0.008,,
418,0.008,,
419,0.008,,
420,0.008,,
421,0.008,,
422,0.008,,
423,0.007,,
424,0.007,,
425,0.007,,
426,0.007,,
427,0.007,,
428,0.007,,
429,0.007,,
430,0.009,,
431,0.010,,
432,0.007,,
433,0.007,,
434,0.007,,
435,0.007,,
436,0.006,,
437,0.007,,
438,0.007,,
439,0.007,,
440,0.007,,
441,0.007,,
442,0.007,,
443,0.006,,
444,0.007,,
445,0.008,,
446,0.007,,
447,0.006,,
448,0.006,,
449,0.007,,
450,0.007,,
451,0.007,,
452,0.006,,
453,0.006,,
454,0.007,,
455,0.007,,
456,0.006,,
457,0.007,,
458,0.006,,
459,0.007,,
460,0.006,,
461,0.006,,
462,0.006,,
463,0.006,,
464,0.006,,
465,0.007,,
466,0.007,,
467,0.006,,
468,0.006,,
469,0.006,,
470,0.006,,
471,0.007,,
472,0.007,,
473,0.007,,
474,0.006,,
475,0.007,,
476,0.007,,
477,0.007,,
478,0.006,,
479,0.007,,
480,0.006,,
481,0.006,,
482,0.006,,
483,0.006,,
484,0.006,,
485,0.006,,
486,0.006,,
487,0.007,,
488,0.007,,
489,0.007,,
490,0.007,,
491,0.007,,
492,0.006,,
493,0.006,,
494,0.007,,
495,0.009,,
496,0.007,,
497,0.006,,
498,0.007,,
499,0.007,,
500,0.006,,
501,0.006,,
502,0.006,,
503,0.006,,
504,0.007,,
505,0.006,,
506,0.007,,
507,0.007,,
508,0.006,,
509,0.006,,
510,0.006,,
511,0.006,,
512,0.006,,
513,0.007,,
514,0.007,,
515,0.006,,
516,0.007,,
517,0.007,,
518,0.007,,
519,0.007,,
520,0.007,,
521,0.006,,
522,0.007,,
523,0.007,,
524,0.006,,
525,0.007,,
526,0.007,,
527,0.008,,
528,0.008,,
529,0.008,,
530,0.007,,
531,0.007,,
532,0.007,,
533,0.007,,
534,0.007,,
535,0.007,,
536,0.007,,
537,0.008,,
538,0.007,,
539,0.008,,
540,0.009,,
541,0.009,,
542,0.008,,
543,0.008,,
544,0.008,,
545,0.008,,
546,0.008,,
547,0.008,,
548,0.007,,
549,0.007,,
550,0.007,,
551,0.007,,
552,0.008,,
553,0.008,,
554,0.009,,
555,0.008,,
556,0.007,,
557,0.008,,
558,0.008,,
559,0.008,,
560,0.008,,
561,0.007,,
562,0.008,,
563,0.008,,
564,0.008,,
565,0.009,,
566,0.009,,
567,0.008,,
568,0.008,,
569,0.007,,
570,0.007,,
571,0.007,,
572,0.008,,
573,0.008,,
574,0.008,,
575,0.007,,
576,0.007,,
577,0.007,,
578,0.007,,
579,0.007,,
580,0.007,,
581,0.007,,
582,0.007,,
583,0.007,,
584,0.007,,
585,0.006,,
586,0.007,,
587,0.007,,
588,0.007,,
589,0.007,,
590,0.008,,
591,0.009,,
592,0.007,,
593,0.007,,
594,0.007,,
595,0.007,,
596,0.008,,
597,0.008,,
598,0.008,,
599,0.007,,
600,0.007,,
601,0.006,,
602,0.008,,
603,0.009,,
604,0.007,,
605,0.007,,
606,0.007,,
607,0.007,,
608,0.009,,
609,0.009,,
610,0.007,,
611,0.007,,
612,0.007,,
613,0.007,,
614,0.007,,
615,0.009,,
616,0.008,,
617,0.008,,
618,0.008,,
619,0.009,,
620,0.007,,
621,0.006,,
622,0.008,,
623,0.008,,
624,0.007,,
625,0.008,,
626,0.007,,
627,0.006,,
628,0.006,,
629,0.007,,
630,0.007,,
631,0.008,,
632,0.008,,
633,0.008,,
634,0.008,,
635,0.007,,
636,0.008,,
637,0.007,,
638,0.007,,
639,0.006,,
640,0.006,,
641,0.006,,
642,0.006,,
643,0.006,,
644,0.007,,
645,0.006,,
646,0.006,,
647,0.006,,
648,0.006,,
649,0.006,,
650,0.006,,
651,0.007,,
652,0.007,,
653,0.007,,
654,0.006,,
655,0.006,,
656,0.006,,
657,0.007,,
658,0.007,,
659,0.007,,
660,0.006,,
661,0.007,,
662,0.008,,
663,0.006,,
664,0.006,,
665,0.007,,
666,0.007,,
667,0.006,,
668,0.006,,
669,0.006,,
670,0.006,,
671,0.006,,
672,0.007,,
673,0.007,,
674,0.007,,
675,0.007,,
676,0.006,,
677,0.006,,
678,0.006,,
679,0.007,,
680,0.006,,
681,0.007,,
682,0.007,,
683,0.007,,
684,0.007,,
685,0.007,,
686,0.008,,
687,0.008,,
688,0.008,,
689,0.008,,
690,0.008,,
691,0.008,,
692,0.007,,
693,0.008,,
694,0.009,,
695,0.008,,
696,0.008,,
697,0.009,,
698,0.009,,
699,0.008,,
700,0.009,,
701,0.009,,
702,0.008,,
703,0.008,,
704,0.008,,
705,0.008,,
706,0.008,,
707,0.007,,
708,0.008,,
709,0.008,,
710,0.007,,
711,0.006,,
712,0.006,,
713,0.007,,
714,0.007,,
715,0.007,,
716,0.007,,
717,0.006,,
718,0.006,,
719,0.008,,
720,0.008,,
721,0.007,,
722,0.006,,
723,0.006,,
724,0.006,,
725,0.008,,
726,0.008,,
727,0.007,,
728,0.007,,
729,0.007,,
730,0.007,,
731,0.006,,
732,0.006,,
733,0.007,,
734,0.007,,
735,0.008,,
736,0.008,,
737,0.007,,
738,0.007,,
739,0.007,,
740,0.007,,
741,0.007,,
742,0.007,,
743,0.007,,
744,0.007,,
745,0.007,,
746,0.008,,
747,0.008,,
748,0.009,,
749,0.008,,
750,0.007,,
751,0.007,,
752,0.008,,
753,0.007,,
754,0.007,,
755,0.007,,
756,0.007,,
757,0.007,,
758,0.006,,
759,0.006,,
760,0.006,,
761,0.007,,
762,0.007,,
763,0.008,,
764,0.009,,
765,0.007,,
766,0.007,,
767,0.007,,
768,0.007,,
769,0.007,,
770,0.007,,
771,0.007,,
772,0.006,,
773,0.006,,
774,0.006,,
775,0.006,,
776,0.006,,
777,0.006,,
778,0.007,,
779,0.007,,
780,0.007,,
781,0.007,,
782,0.008,,
783,0.007,,
784,0.008,,
785,0.008,,
786,0.006,,
787,0.006,,
788,0.007,,
789,0.007,,
790,0.007,,
791,0.007,,
792,0.007,,
793,0.007,,
794,0.007,,
795,0.007,,
796,0.007,,
797,0.006,,
798,0.006,,
799,0.007,,
800,0.007,,
801,0.006,,
802,0.006,,
803,0.005,,
804,0.006,,
805,0.006,,
806,0.006,,
807,0.006,,
808,0.007,,
809,0.006,,
810,0.005,,
811,0.006,,
812,0.007,,
813,0.007,,
814,0.007,,
815,0.006,,
816,0.006,,
817,0.006,,
818,0.006,,
819,0.006,,
820,0.006,,
821,0.006,,
822,0.007,,
823,0.007,,
824,0.007,,
825,0.006,,
826,0.006,,
827,0.006,,
828,0.006,,
829,0.006,,
830,0.007,,
831,0.006,,
832,0.006,,
833,0.006,,
834,0.006,,
835,0.006,,
836,0.007,,
837,0.006,,
838,0.006,,
839,0.007,,
840,0.007,,
841,0.007,,
842,0.006,,
843,0.006,,
844,0.007,,
845,0.007,,
846,0.006,,
847,0.007,,
848,0.007,,
849,0.006,,
850,0.007,,
851,0.008,,
852,0.008,,
853,0.007,,
854,0.006,,
855,0.006,,
856,0.007,,
857,0.007,,
858,0.006,,
859,0.005,,
860,0.006,,
861,0.007,,
862,0.006,,
863,0.006,,
864,0.006,,
865,0.007,,
866,0.008,,
867,0.006,,
868,0.007,,
869,0.006,,
870,0.007,,
871,0.007,,
872,0.006,,
873,0.006,,
874,0.006,,
875,0.006,,
876,0.006,,
877,0.007,,
878,0.007,,
879,0.006,,
880,0.006,,
881,0.007,,
882,0.007,,
883,0.007,,
884,0.007,,
885,0.006,,
886,0.007,,
887,0.007,,
888,0.006,,
889,0.006,,
890,0.006,,
891,0.006,,
892,0.007,,
893,0.007,,
894,0.007,,
895,0.006,,
896,0.006,,
897,0.008,,
898,0.007,,
899,0.006,,
900,0.006,,
901,0.007,,
902,0.006,,
903,0.006,,
904,0.006,,
905,0.006,,
906,0.006,,
907,0.005,,
908,0.006,,
909,0.006,,
910,0.006,,
911,0.007,,
912,0.007,,
913,0.013,,
914,0.006,,
915,0.006,,
916,0.006,,
917,0.006,,
918,0.007,,
919,0.006,,
920,0.005,,
921,0.005,,
922,0.006,,
923,0.005,,
924,0.005,,
925,0.007,,
926,0.005,,
927,0.005,,
928,0.006,,
929,0.006,,
930,0.006,,
931,0.005,,
932,0.005,,
933,0.005,,
934,0.005,,
935,0.005,,
936,0.005,,
937,0.005,,
938,0.006,,
939,0.007,,
940,0.006,,
941,0.006,,
942,0.006,,
943,0.005,,
944,0.005,,
945,0.005,,
946,0.006,,
947,0.007,,
948,0.006,,
949,0.006,,
950,0.006,,
951,0.006,,
952,0.005,,
953,0.005,,
954,0.005,,
955,0.005,,
956,0.006,,
957,0.006,,
958,0.006,,
959,0.006,,
960,0.006,,
961,0.005,,
962,0.006,,
963,0.005,,
964,0.005,,
965,0.005,,
966,0.005,,
967,0.006,,
968,0.006,,
969,0.006,,
970,0.007,,
971,0.007,,
972,0.005,,
973,0.005,,
974,0.006,,
975,0.006,,
976,0.006,,
977,0.007,,
978,0.007,,
979,0.006,,
980,0.006,,
981,0.006,,
982,0.005,,
983,0.005,,
984,0.005,,
985,0.005,,
986,0.005,,
987,0.006,,
988,0.006,,
989,0.006,,
990,0.006,,
991,0.005,,
992,0.006,,
993,0.007,,
994,0.006,,
995,0.006,,
996,0.005,,
997,0.005,,
998,0.005,,
999,0.005,,
1000,0.006,,
1001,0.006,,
1002,0.006,,
1003,0.006,,
1004,0.005,,
1005,0.006,,
1006,0.005,,
1007,0.005,,
1008,0.006,,
1009,0.006,,
1010,0.006,,
1011,0.005,,
1012,0.005,,
1013,0.006,,
1014,0.006,,
1015,0.005,,
1016,0.005,,
1017,0.005,,
1018,0.006,,
1019,0.005,,
1020,0.005,,
1021,0.006,,
1022,0.005,,
1023,0.005,,
1024,0.006,,
1025,0.005,,
1026,0.005,,
1027,0.006,,
1028,0.006,,
1029,0.005,,
1030,0.005,,
1031,0.006,,
1032,0.007,,
1033,0.005,,
1034,0.006,,
1035,0.006,,
1036,0.005,,
1037,0.005,,
1038,0.006,,
1039,0.006,,
1040,0.006,,
1041,0.006,,
1042,0.006,,
1043,0.007,,
1044,0.006,,
1045,0.006,,
1046,0.006,,
1047,0.006,,
1048,0.006,,
1049,0.007,,
1050,0.007,,
1051,0.006,,
1052,0.006,,
1053,0.005,,
1054,0.005,,
1055,0.006,,
1056,0.006,,
1057,0.007,,
1058,0.006,,
1059,0.007,,
1060,0.006,,
1061,0.006,,
1062,0.006,,
1063,0.006,,
1064,0.005,,
1065,0.007,,
1066,0.007,,
1067,0.006,,
1068,0.006,,
1069,0.006,,
1070,0.006,,
1071,0.006,,
1072,0.007,,
1073,0.006,,
1074,0.006,,
1075,0.006,,
1076,0.006,,
1077,0.006,,
1078,0.007,,
1079,0.006,,
1080,0.006,,
1081,0.007,,
1082,0.007,,
1083,0.006,,
1084,0.006,,
1085,0.006,,
1086,0.006,,
1087,0.005,,
1088,0.006,,
1089,0.006,,
1090,0.007,,
1091,0.006,,
1092,0.006,,
1093,0.006,,
1094,0.007,,
1095,0.007,,
1096,0.007,,
1097,0.007,,
1098,0.007,,
1099,0.007,,
1100,0.007,,
1101,0.006,,
1102,0.006,,
1103,0.006,,
1104,0.006,,
1105,0.007,,
1106,0.007,,
1107,0.007,,
1108,0.007,,
1109,0.007,,
1110,0.006,,
1111,0.006,,
1112,0.006,,
1113,0.006,,
1114,0.006,,
1115,0.006,,
1116,0.006,,
1117,0.006,,
1118,0.006,,
1119,0.006,,
1120,0.006,,
1121,0.007,,
1122,0.007,,
1123,0.007,,
1124,0.006,,
1125,0.006,,
1126,0.006,,
1127,0.006,,
1128,0.006,,
1129,0.007,,
1130,0.007,,
1131,0.007,,
1132,0.006,,
1133,0.006,,
1134,0.006,,
1135,0.007,,
1136,0.006,,
1137,0.006,,
1138,0.007,,
1139,0.006,,
1140,0.006,,
1141,0.007,,
1142,0.007,,
1143,0.007,,
1144,0.007,,
1145,0.006,,
1146,0.006,,
1147,0.006,,
1148,0.006,,
1149,0.007,,
1150,0.006,,
1151,0.006,,
1152,0.006,,
1153,0.006,,
1154,0.006,,
1155,0.007,,
1156,0.007,,
1157,0.006,,
1158,0.007,,
1159,0.007,,
1160,0.007,,
1161,0.008,,
1162,0.007,,
1163,0.007,,
1164,0.007,,
1165,0.007,,
1166,0.007,,
1167,0.007,,
1168,0.006,,
1169,0.007,,
1170,0.006,,
1171,0.007,,
1172,0.007,,
1173,0.007,,
1174,0.007,,
1175,0.007,,
1176,0.007,,
1177,0.007,,
1178,0.007,,
1179,0.007,,
1180,0.007,,
1181,0.006,,
1182,0.006,,
1183,0.006,,
1184,0.007,,
1185,0.006,,
1186,0.006,,
1187,0.007,,
1188,0.007,,
1189,0.007,,
1190,0.007,,
1191,0.006,,
1192,0.006,,
1193,0.007,,
1194,0.008,,
1195,0.007,,
1196,0.008,,
1197,0.008,,
1198,0.007,,
1199,0.006,,
1200,0.006,,
1201,0.006,,
1202,0.007,,
1203,0.007,,
1204,0.006,,
1205,0.007,,
1206,0.007,,
1207,0.007,,
1208,0.007,,
1209,0.006,,
1210,0.007,,
1211,0.007,,
1212,0.007,,
1213,0.006,,
1214,0.006,,
1215,0.006,,
1216,0.007,,
1217,0.007,,
1218,0.006,,
1219,0.007,,
1220,0.007,,
1221,0.007,,
1222,0.006,,
1223,0.007,,
1224,0.007,,
1225,0.007,,
1226,0.006,,
1227,0.007,,
1228,0.007,,
1229,0.006,,
1230,0.006,,
1231,0.006,,
1232,0.007,,
1233,0.006,,
1234,0.006,,
1235,0.006,,
1236,0.006,,
1237,0.007,,
1238,0.006,,
1239,0.006,,
1240,0.007,,
1241,0.007,,
1242,0.006,,
1243,0.006,,
1244,0.006,,
1245,0.006,,
1246,0.006,,
1247,0.006,,
1248,0.006,,
1249,0.006,,
1250,0.006,,
1251,0.007,,
1252,0.007,,
1253,0.007,,
1254,0.007,,
1255,0.006,,
1256,0.006,,
1257,0.006,,
1258,0.006,,
1259,0.006,,
1260,0.006,,
1261,0.006,,
1262,0.007,,
1263,0.006,,
1264,0.006,,
1265,0.006,,
1266,0.006,,
1267,0.007,,
1268,0.006,,
1269,0.006,,
1270,0.006,,
1271,0.006,,
1272,0.007,,
1273,0.006,,
1274,0.006,,
1275,0.006,,
1276,0.006,,
1277,0.006,,
1278,0.006,,
1279,0.006,,
1280,0.006,,
1281,0.006,,
1282,0.007,,
1283,0.008,,
1284,0.006,,
1285,0.007,,
1286,0.007,,
1287,0.006,,
1288,0.006,,
1289,0.006,,
1290,0.006,,
1291,0.006,,
1292,0.006,,
1293,0.006,,
1294,0.006,,
1295,0.006,,
1296,0.006,,
1297,0.006,,
1298,0.006,,
1299,0.006,,
1300,0.006,,
1301,0.006,,
1302,0.007,,
1303,0.006,,
1304,0.006,,
1305,0.005,,
1306,0.005,,
1307,0.006,,
1308,0.006,,
1309,0.007,,
1310,0.007,,
1311,0.006,,
1312,0.006,,
1313,0.006,,
1314,0.006,,
1315,0.005,,
1316,0.005,,
1317,0.006,,
1318,0.005,,
1319,0.006,,
1320,0.005,,
1321,0.005,,
1322,0.006,,
1323,0.006,,
1324,0.006,,
1325,0.006,,
1326,0.006,,
1327,0.006,,
1328,0.006,,
1329,0.006,,
1330,0.005,,
1331,0.005,,
1332,0.006,,
1333,0.007,,
1334,0.006,,
1335,0.006,,
1336,0.005,,
1337,0.006,,
1338,0.006,,
1339,0.006,,
1340,0.007,,
1341,0.007,,
1342,0.006,,
1343,0.006,,
1344,0.006,,
1345,0.006,,
1346,0.007,,
1347,0.006,,
1348,0.006,,
1349,0.006,,
1350,0.005,,
1351,0.006,,
1352,0.006,,
1353,0.006,,
1354,0.006,,
1355,0.007,,
1356,0.006,,
1357,0.006,,
1358,0.007,,
1359,0.006,,
1360,0.006,,
1361,0.006,,
1362,0.006,,
1363,0.014,,
1364,0.020,,
1365,0.009,,
1366,0.006,,
1367,0.006,,
1368,0.006,,
1369,0.007,,
1370,0.007,,
1371,0.005,,
1372,0.005,,
1373,0.005,,
1374,0.007,,
1375,0.007,,
1376,0.006,,
1377,0.006,,
1378,0.005,,
1379,0.006,,
1380,0.006,,
1381,0.006,,
1382,0.005,,
1383,0.006,,
1384,0.006,,
1385,0.006,,
1386,0.006,,
1387,0.006,,
1388,0.006,,
1389,0.007,,
1390,0.006,,
1391,0.005,,
1392,0.006,,
1393,0.006,,
1394,0.006,,
1395,0.007,,
1396,0.006,,
1397,0.006,,
1398,0.006,,
1399,0.007,,
1400,0.007,,
1401,0.006,,
1402,0.007,,
1403,0.006,,
1404,0.006,,
1405,0.007,,
1406,0.007,,
1407,0.006,,
1408,0.006,,
1409,0.006,,
1410,0.007,,
1411,0.007,,
1412,0.006,,
1413,0.006,,
1414,0.006,,
1415,0.006,,
1416,0.007,,
1417,0.007,,
1418,0.007,,
1419,0.007,,
1420,0.007,,
1421,0.007,,
1422,0.007,,
1423,0.007,,
1424,0.007,,
1425,0.007,,
1426,0.006,,
1427,0.006,,
1428,0.006,,
1429,0.006,,
1430,0.006,,
1431,0.006,,
1432,0.006,,
1433,0.006,,
1434,0.006,,
1435,0.006,,
1436,0.007,,
1437,0.007,,
1438,0.006,,
1439,0.006,,
1440,0.006,,
1441,0.006,,
1442,0.006,,
1443,0.006,,
1444,0.006,,
1445,0.006,,
1446,0.006,,
1447,0.006,,
1448,0.006,,
1449,0.006,,
1450,0.006,,
1451,0.006,,
1452,0.006,,
1453,0.007,,
1454,0.006,,
1455,0.006,,
1456,0.006,,
1457,0.006,,
1458,0.006,,
1459,0.007,,
1460,0.007,,
1461,0.006,,
1462,0.006,,
1463,0.006,,
1464,0.005,,
1465,0.006,,
1466,0.006,,
1467,0.006,,
1468,0.006,,
1469,0.006,,
1470,0.006,,
1471,0.007,,
1472,0.008,,
1473,0.007,,
1474,0.006,,
1475,0.006,,
1476,0.007,,
1477,0.007,,
1478,0.007,,
1479,0.006,,
1480,0.006,,
1481,0.007,,
1482,0.008,,
1483,0.007,,
1484,0.007,,
1485,0.007,,
1486,0.007,,
1487,0.007,,
1488,0.007,,
1489,0.007,,
1490,0.007,,
1491,0.007,,
1492,0.007,,
1493,0.006,,
1494,0.005,,
1495,0.006,,
1496,0.006,,
1497,0.007,,
1498,0.006,,
1499,0.006,,
1500,0.007,,
1501,0.007,,
1502,0.006,,
1503,0.006,,
1504,0.006,,
1505,0.006,,
1506,0.005,,
1507,0.006,,
1508,0.007,,
1509,0.007,,
1510,0.006,,
1511,0.006,,
1512,0.006,,
1513,0.006,,
1514,0.006,,
1515,0.006,,
1516,0.006,,
1517,0.006,,
1518,0.006,,
1519,0.006,,
1520,0.006,,
1521,0.006,,
1522,0.006,,
1523,0.007,,
1524,0.007,,
1525,0.006,,
1526,0.006,,
1527,0.006,,
1528,0.006,,
1529,0.006,,
1530,0.006,,
1531,0.006,,
1532,0.006,,
1533,0.006,,
1534,0.006,,
1535,0.005,,
1536,0.006,,
1537,0.007,,
1538,0.006,,
1539,0.006,,
1540,0.006,,
1541,0.007,,
1542,0.006,,
1543,0.007,,
1544,0.007,,
1545,0.006,,
1546,0.006,,
1547,0.006,,
1548,0.006,,
1549,0.006,,
1550,0.006,,
1551,0.007,,
1552,0.006,,
1553,0.006,,
1554,0.006,,
1555,0.005,,
1556,0.005,,
1557,0.006,,
1558,0.005,,
1559,0.006,,
1560,0.007,,
1561,0.006,,
1562,0.006,,
1563,0.006,,
1564,0.007,,
1565,0.007,,
1566,0.007,,
1567,0.006,,
1568,0.006,,
1569,0.006,,
1570,0.006,,
1571,0.007,,
1572,0.007,,
1573,0.008,,
1574,0.008,,
1575,0.007,,
1576,0.006,,
1577,0.007,,
1578,0.007,,
1579,0.007,,
1580,0.008,,
1581,0.008,,
1582,0.008,,
1583,0.007,,
1584,0.007,,
1585,0.007,,
1586,0.007,,
1587,0.007,,
1588,0.006,,
1589,0.006,,
1590,0.007,,
1591,0.007,,
1592,0.006,,
1593,0.007,,
1594,0.007,,
1595,0.007,,
1596,0.008,,
1597,0.008,,
1598,0.007,,
1599,0.007,,
1600,0.006,,
1601,0.006,,
1602,0.008,,
1603,0.007,,
1604,0.006,,
1605,0.007,,
1606,0.007,,
1607,0.007,,
1608,0.006,,
1609,0.007,,
1610,0.007,,
1611,0.007,,
1612,0.007,,
1613,0.006,,
1614,0.006,,
1615,0.007,,
1616,0.007,,
1617,0.006,,
1618,0.006,,
1619,0.007,,
1620,0.006,,
1621,0.006,,
1622,0.007,,
1623,0.006,,
1624,0.006,,
1625,0.006,,
1626,0.006,,
1627,0.007,,
1628,0.007,,
1629,0.007,,
1630,0.006,,
1631,0.007,,
1632,0.006,,
1633,0.006,,
1634,0.007,,
1635,0.006,,
1636,0.007,,
1637,0.007,,
1638,0.006,,
1639,0.006,,
1640,0.006,,
1641,0.007,,
1642,0.007,,
1643,0.007,,
1644,0.007,,
1645,0.007,,
1646,0.007,,
1647,0.006,,
1648,0.006,,
1649,0.006,,
1650,0.006,,
1651,0.006,,
1652,0.006,,
1653,0.006,,
1654,0.006,,
1655,0.006,,
1656,0.006,,
1657,0.006,,
1658,0.005,,
1659,0.006,,
1660,0.006,,
1661,0.006,,
1662,0.006,,
1663,0.006,,
1664,0.006,,
1665,0.007,,
1666,0.008,,
1667,0.007,,
1668,0.006,,
1669,0.006,,
1670,0.006,,
1671,0.006,,
1672,0.006,,
1673,0.006,,
1674,0.007,,
1675,0.007,,
1676,0.007,,
1677,0.006,,
1678,0.007,,
1679,0.006,,
1680,0.006,,
1681,0.006,,
1682,0.006,,
1683,0.006,,
1684,0.006,,
1685,0.007,,
1686,0.006,,
1687,0.006,,
1688,0.006,,
1689,0.006,,
1690,0.006,,
1691,0.006,,
1692,0.006,,
1693,0.006,,
1694,0.006,,
1695,0.007,,
1696,0.006,,
1697,0.007,,
1698,0.006,,
1699,0.007,,
1700,0.007,,
1701,0.006,,
1702,0.006,,
1703,0.006,,
1704,0.006,,
1705,0.006,,
1706,0.006,,
1707,0.006,,
1708,0.006,,
1709,0.006,,
1710,0.006,,
1711,0.006,,
1712,0.006,,
1713,0.007,,
1714,0.007,,
1715,0.006,,
1716,0.007,,
1717,0.007,,
1718,0.007,,
1719,0.007,,
1720,0.006,,
1721,0.006,,
1722,0.006,,
1723,0.006,,
1724,0.006,,
1725,0.006,,
1726,0.007,,
1727,0.007,,
1728,0.006,,
1729,0.006,,
1730,0.006,,
1731,0.006,,
1732,0.006,,
1733,0.006,,
1734,0.006,,
1735,0.006,,
1736,0.006,,
1737,0.006,,
1738,0.007,,
1739,0.007,,
1740,0.007,,
1741,0.006,,
1742,0.007,,
1743,0.007,,
1744,0.007,,
1745,0.006,,
1746,0.006,,
1747,0.006,,
1748,0.007,,
1749,0.007,,
1750,0.007,,
1751,0.006,,
1752,0.005,,
1753,0.006,,
1754,0.006,,
1755,0.006,,
1756,0.006,,
1757,0.006,,
1758,0.007,,
1759,0.007,,
1760,0.007,,
1761,0.007,,
1762,0.006,,
1763,0.006,,
1764,0.007,,
1765,0.006,,
1766,0.006,,
1767,0.006,,
1768,0.007,,
1769,0.006,,
1770,0.007,,
1771,0.007,,
1772,0.023,,
1773,0.006,,
1774,0.006,,
1775,0.006,,
1776,0.007,,
1777,0.007,,
1778,0.006,,
1779,0.006,,
1780,0.007,,
1781,0.007,,
1782,0.006,,
1783,0.007,,
1784,0.007,,
1785,0.007,,
1786,0.006,,
1787,0.007,,
1788,0.008,,
1789,0.008,,
1790,0.007,,
1791,0.007,,
1792,0.007,,
1793,0.007,,
1794,0.007,,
1795,0.007,,
1796,0.007,,
1797,0.007,,
1798,0.007,,
1799,0.007,,
1800,0.007,,
1801,0.007,,
1802,0.007,,
1803,0.006,,
1804,0.007,,
1805,0.008,,
1806,0.007,,
1807,0.006,,
1808,0.007,,
1809,0.008,,
1810,0.007,,
1811,0.007,,
1812,0.006,,
1813,0.006,,
1814,0.006,,
1815,0.006,,
1816,0.006,,
1817,0.006,,
1818,0.006,,
1819,0.006,,
1820,0.005,,
1821,0.006,,
1822,0.006,,
1823,0.006,,
1824,0.006,,
1825,0.006,,
1826,0.006,,
1827,0.006,,
1828,0.006,,
1829,0.006,,
1830,0.008,,
1831,0.008,,
1832,0.007,,
1833,0.006,,
1834,0.007,,
1835,0.007,,
1836,0.006,,
1837,0.007,,
1838,0.007,,
1839,0.007,,
1840,0.007,,
1841,0.006,,
1842,0.007,,
1843,0.008,,
1844,0.007,,
1845,0.007,,
1846,0.006,,
1847,0.007,,
1848,0.006,,
1849,0.006,,
1850,0.007,,
1851,0.007,,
1852,0.006,,
1853,0.008,,
1854,0.008,,
1855,0.007,,
1856,0.008,,
1857,0.006,,
1858,0.007,,
1859,0.008,,
1860,0.007,,
1861,0.006,,
1862,0.006,,
1863,0.006,,
1864,0.006,,
1865,0.006,,
1866,0.007,,
1867,0.007,,
1868,0.006,,
1869,0.006,,
1870,0.006,,
1871,0.007,,
1872,0.007,,
1873,0.007,,
1874,0.006,,
1875,0.006,,
1876,0.006,,
1877,0.006,,
1878,0.005,,
1879,0.006,,
1880,0.006,,
1881,0.005,,
1882,0.005,,
1883,0.005,,
1884,0.005,,
1885,0.006,,
1886,0.006,,
1887,0.006,,
1888,0.006,,
1889,0.006,,
1890,0.006,,
1891,0.006,,
1892,0.006,,
1893,0.005,,
1894,0.006,,
1895,0.006,,
1896,0.006,,
1897,0.006,,
1898,0.006,,
1899,0.006,,
1900,0.007,,
1901,0.007,,
1902,0.007,,
1903,0.006,,
1904,0.006,,
1905,0.006,,
1906,0.006,,
1907,0.006,,
1908,0.006,,
1909,0.006,,
1910,0.006,,
1911,0.007,,
1912,0.006,,
1913,0.006,,
1914,0.005,,
1915,0.006,,
1916,0.006,,
1917,0.006,,
1918,0.006,,
1919,0.006,,
1920,0.007,,
1921,0.006,,
1922,0.007,,
1923,0.007,,
1924,0.006,,
1925,0.006,,
1926,0.006,,
1927,0.006,,
1928,0.006,,
1929,0.006,,
1930,0.007,,
1931,0.007,,
1932,0.007,,
1933,0.007,,
1934,0.007,,
1935,0.007,,
1936,0.007,,
1937,0.006,,
1938,0.006,,
1939,0.006,,
1940,0.006,,
1941,0.006,,
1942,0.006,,
1943,0.006,,
1944,0.005,,
1945,0.005,,
1946,0.006,,
1947,0.006,,
1948,0.006,,
1949,0.006,,
1950,0.007,,
1951,0.007,,
1952,0.006,,
1953,0.006,,
1954,0.006,,
1955,0.005,,
1956,0.005,,
1957,0.005,,
1958,0.005,,
1959,0.005,,
1960,0.006,,
1961,0.006,,
1962,0.006,,
1963,0.006,,
1964,0.006,,
1965,0.006,,
1966,0.007,,
1967,0.007,,
1968,0.006,,
1969,0.006,,
1970,0.006,,
1971,0.005,,
1972,0.005,,
1973,0.005,,
1974,0.005,,
1975,0.006,,
1976,0.006,,
1977,0.005,,
1978,0.006,,
1979,0.005,,
1980,0.005,,
1981,0.005,,
1982,0.005,,
1983,0.005,,
1984,0.005,,
1985,0.005,,
1986,0.005,,
1987,0.005,,
1988,0.005,,
1989,0.005,,
1990,0.005,,
1991,0.005,,
1992,0.005,,
1993,0.005,,
1994,0.005,,
1995,0.005,,
1996,0.005,,
1997,0.005,,
1998,0.005,,
1999,0.006,,
2000,0.005,,
2001,0.005,,
2002,0.005,,
2003,0.005,,
2004,0.004,,
2005,0.005,,
2006,0.005,,
2007,0.005,,
2008,0.005,,
2009,0.005,,
2010,0.005,,
2011,0.005,,
2012,0.005,,
2013,0.005,,
2014,0.005,,
2015,0.005,,
2016,0.005,,
2017,0.005,,
2018,0.004,,
2019,0.005,,
2020,0.005,,
2021,0.005,,
2022,0.005,,
2023,0.006,,
2024,0.006,,
2025,0.006,,
2026,0.005,,
2027,0.005,,
2028,0.005,,
2029,0.005,,
2030,0.005,,
2031,0.005,,
2032,0.005,,
2033,0.006,,
2034,0.006,,
2035,0.005,,
2036,0.005,,
2037,0.005,,
2038,0.005,,
2039,0.005,,
2040,0.005,,
2041,0.007,,
2042,0.006,,
2043,0.005,,
2044,0.005,,
2045,0.005,,
2046,0.005,,
2047,0.005,,
2048,0.005,,
2049,0.005,,
2050,0.005,,
2051,0.005,,
2052,0.005,,
2053,0.006,,
2054,0.005,,
2055,0.005,,
2056,0.005,,
2057,0.005,,
2058,0.005,,
2059,0.004,,
2060,0.004,,
2061,0.005,,
2062,0.006,,
2063,0.005,,
2064,0.005,,
2065,0.005,,
2066,0.005,,
2067,0.006,,
2068,0.006,,
2069,0.006,,
2070,0.005,,
2071,0.005,,
2072,0.005,,
2073,0.005,,
2074,0.005,,
2075,0.005,,
2076,0.005,,
2077,0.006,,
2078,0.005,,
2079,0.005,,
2080,0.005,,
2081,0.005,,
2082,0.005,,
2083,0.005,,
2084,0.006,,
2085,0.006,,
2086,0.006,,
2087,0.006,,
2088,0.005,,
2089,0.005,,
2090,0.006,,
2091,0.006,,
2092,0.005,,
2093,0.005,,
2094,0.006,,
2095,0.005,,
2096,0.004,,
2097,0.005,,
2098,0.006,,
2099,0.006,,
2100,0.005,,
2101,0.005,,
2102,0.005,,
2103,0.005,,
2104,0.005,,
2105,0.004,,
2106,0.005,,
2107,0.005,,
2108,0.004,,
2109,0.004,,
2110,0.004,,
2111,0.004,,
2112,0.006,,
2113,0.006,,
2114,0.005,,
2115,0.005,,
2116,0.005,,
2117,0.005,,
2118,0.005,,
2119,0.005,,
2120,0.005,,
2121,0.005,,
2122,0.005,,
2123,0.005,,
2124,0.005,,
2125,0.004,,
2126,0.004,,
2127,0.005,,
2128,0.005,,
2129,0.005,,
2130,0.004,,
2131,0.004,,
2132,0.005,,
2133,0.006,,
2134,0.006,,
2135,0.005,,
2136,0.005,,
2137,0.005,,
2138,0.006,,
2139,0.006,,
2140,0.005,,
2141,0.005,,
2142,0.005,,
2143,0.005,,
2144,0.005,,
2145,0.005,,
2146,0.005,,
2147,0.006,,
2148,0.006,,
2149,0.005,,
2150,0.005,,
2151,0.005,,
2152,0.006,,
2153,0.005,,
2154,0.005,,
2155,0.005,,
2156,0.005,,
2157,0.005,,
2158,0.006,,
2159,0.005,,
2160,0.004,,
2161,0.005,,
2162,0.005,,
2163,0.005,,
2164,0.005,,
2165,0.005,,
2166,0.006,,
2167,0.006,,
2168,0.005,,
2169,0.006,,
2170,0.006,,
2171,0.005,,
2172,0.004,,
2173,0.004,,
2174,0.005,,
2175,0.005,,
2176,0.005,,
2177,0.005,,
2178,0.005,,
2179,0.005,,
2180,0.005,,
2181,0.004,,
2182,0.005,,
2183,0.005,,
2184,0.005,,
2185,0.005,,
2186,0.005,,
2187,0.005,,
2188,0.005,,
2189,0.005,,
2190,0.005,,
2191,0.004,,
2192,0.004,,
2193,0.005,,
2194,0.005,,
2195,0.005,,
2196,0.006,,
2197,0.005,,
2198,0.005,,
2199,0.005,,
2200,0.004,,
2201,0.005,,
2202,0.005,,
2203,0.005,,
2204,0.005,,
2205,0.004,,
2206,0.004,,
2207,0.005,,
2208,0.005,,
2209,0.005,,
2210,0.006,,
2211,0.005,,
2212,0.005,,
2213,0.006,,
2214,0.006,,
2215,0.007,,
2216,0.006,,
2217,0.006,,
2218,0.005,,
2219,0.006,,
2220,0.006,,
2221,0.005,,
2222,0.005,,
2223,0.006,,
2224,0.006,,
2225,0.006,,
2226,0.006,,
2227,0.005,,
2228,0.005,,
2229,0.006,,
2230,0.005,,
2231,0.005,,
2232,0.006,,
2233,0.006,,
2234,0.006,,
2235,0.006,,
2236,0.005,,
2237,0.005,,
2238,0.006,,
2239,0.006,,
2240,0.006,,
2241,0.006,,
2242,0.006,,
2243,0.006,,
2244,0.007,,
2245,0.006,,
2246,0.005,,
2247,0.005,,
2248,0.005,,
2249,0.007,,
2250,0.009,,
2251,0.005,,
2252,0.005,,
2253,0.005,,
2254,0.005,,
2255,0.004,,
2256,0.004,,
2257,0.004,,
2258,0.004,,
2259,0.004,,
2260,0.005,,
2261,0.005,,
2262,0.005,,
2263,0.004,,
2264,0.005,,
2265,0.004,,
2266,0.005,,
2267,0.005,,
2268,0.005,,
2269,0.005,,
2270,0.005,,
2271,0.005,,
2272,0.005,,
2273,0.005,,
2274,0.004,,
2275,0.005,,
2276,0.006,,
2277,0.005,,
2278,0.005,,
2279,0.005,,
2280,0.004,,
2281,0.005,,
2282,0.005,,
2283,0.004,,
2284,0.004,,
2285,0.005,,
2286,0.004,,
2287,0.005,,
2288,0.005,,
2289,0.005,,
2290,0.008,,
2291,0.008,,
2292,0.005,,
2293,0.005,,
2294,0.005,,
2295,0.005,,
2296,0.005,,
2297,0.006,,
2298,0.005,,
2299,0.005,,
2300,0.005,,
2301,0.005,,
2302,0.005,,
2303,0.004,,
2304,0.005,,
2305,0.005,,
2306,0.005,,
2307,0.006,,
2308,0.006,,
2309,0.005,,
2310,0.005,,
2311,0.004,,
2312,0.004,,
2313,0.005,,
2314,0.005,,
2315,0.005,,
2316,0.005,,
2317,0.005,,
2318,0.005,,
2319,0.005,,
2320,0.005,,
2321,0.005,,
2322,0.005,,
2323,0.004,,
2324,0.004,,
2325,0.005,,
2326,0.005,,
2327,0.004,,
2328,0.005,,
2329,0.006,,
2330,0.005,,
2331,0.005,,
2332,0.006,,
2333,0.005,,
2334,0.005,,
2335,0.005,,
2336,0.005,,
2337,0.005,,
2338,0.005,,
2339,0.005,,
2340,0.005,,
2341,0.004,,
2342,0.005,,
2343,0.005,,
2344,0.004,,
2345,0.004,,
2346,0.005,,
2347,0.004,,
2348,0.005,,
2349,0.005,,
2350,0.004,,
2351,0.005,,
2352,0.005,,
2353,0.005,,
2354,0.005,,
2355,0.004,,
2356,0.004,,
2357,0.005,,
2358,0.005,,
2359,0.004,,
2360,0.005,,
2361,0.005,,
2362,0.004,,
2363,0.005,,
2364,0.004,,
2365,0.005,,
2366,0.005,,
2367,0.004,,
2368,0.005,,
2369,0.005,,
2370,0.004,,
2371,0.005,,
2372,0.005,,
2373,0.004,,
2374,0.004,,
2375,0.004,,
2376,0.005,,
2377,0.004,,
2378,0.004,,
2379,0.005,,
2380,0.005,,
2381,0.004,,
2382,0.005,,
2383,0.005,,
2384,0.005,,
2385,0.005,,
2386,0.004,,
2387,0.005,,
2388,0.004,,
2389,0.004,,
2390,0.005,,
2391,0.005,,
2392,0.005,,
2393,0.004,,
2394,0.005,,
2395,0.005,,
2396,0.005,,
2397,0.005,,
2398,0.004,,
2399,0.004,,
2400,0.005,,
2401,0.005,,
2402,0.005,,
2403,0.005,,
2404,0.005,,
2405,0.005,,
2406,0.005,,
2407,0.006,,
2408,0.006,,
2409,0.005,,
2410,0.005,,
2411,0.005,,
2412,0.006,,
2413,0.006,,
2414,0.006,,
2415,0.006,,
2416,0.006,,
2417,0.006,,
2418,0.005,,
2419,0.005,,
2420,0.005,,
2421,0.005,,
2422,0.005,,
2423,0.006,,
2424,0.006,,
2425,0.006,,
2426,0.006,,
2427,0.006,,
2428,0.005,,
2429,0.005,,
2430,0.005,,
2431,0.005,,
2432,0.005,,
2433,0.005,,
2434,0.004,,
2435,0.005,,
2436,0.004,,
2437,0.005,,
2438,0.006,,
2439,0.005,,
2440,0.005,,
2441,0.005,,
2442,0.005,,
2443,0.005,,
2444,0.005,,
2445,0.005,,
2446,0.005,,
2447,0.006,,
2448,0.006,,
2449,0.005,,
2450,0.005,,
2451,0.005,,
2452,0.005,,
2453,0.004,,
2454,0.004,,
2455,0.005,,
2456,0.006,,
2457,0.006,,
2458,0.006,,
2459,0.006,,
2460,0.005,,
2461,0.005,,
2462,0.005,,
2463,0.005,,
2464,0.005,,
2465,0.005,,
2466,0.005,,
2467,0.006,,
2468,0.006,,
2469,0.006,,
2470,0.006,,
2471,0.004,,
2472,0.006,,
2473,0.006,,
2474,0.004,,
2475,0.004,,
2476,0.005,,
2477,0.005,,
2478,0.005,,
2479,0.005,,
2480,0.005,,
2481,0.005,,
2482,0.004,,
2483,0.005,,
2484,0.005,,
2485,0.005,,
2486,0.004,,
2487,0.005,,
2488,0.005,,
2489,0.005,,
2490,0.005,,
2491,0.004,,
2492,0.004,,
2493,0.004,,
2494,0.004,,
2495,0.004,,
2496,0.004,,
2497,0.004,,
2498,0.004,,
2499,0.005,,
2500,0.005,,
2501,0.004,,
2502,0.004,,
2503,0.005,,
2504,0.004,,
2505,0.004,,
2506,0.005,,
2507,0.005,,
2508,0.005,,
2509,0.004,,
2510,0.005,,
2511,0.005,,
2512,0.005,,
2513,0.005,,
2514,0.005,,
2515,0.004,,
2516,0.005,,
2517,0.005,,
2518,0.005,,
2519,0.007,,
2520,0.008,,
2521,0.004,,
2522,0.004,,
2523,0.004,,
2524,0.005,,
2525,0.005,,
2526,0.004,,
2527,0.005,,
2528,0.005,,
2529,0.005,,
2530,0.005,,
2531,0.004,,
2532,0.004,,
2533,0.004,,
2534,0.004,,
2535,0.005,,
2536,0.005,,
2537,0.004,,
2538,0.004,,
2539,0.004,,
2540,0.004,,
2541,0.004,,
2542,0.004,,
2543,0.004,,
2544,0.004,,
2545,0.004,,
2546,0.004,,
2547,0.004,,
2548,0.004,,
2549,0.004,,
2550,0.004,,
2551,0.004,,
2552,0.005,,
2553,0.004,,
2554,0.004,,
2555,0.004,,
2556,0.005,,
2557,0.005,,
2558,0.005,,
2559,0.005,,
2560,0.004,,
2561,0.005,,
2562,0.005,,
2563,0.005,,
2564,0.005,,
2565,0.004,,
2566,0.004,,
2567,0.004,,
2568,0.004,,
2569,0.004,,
2570,0.004,,
2571,0.005,,
2572,0.006,,
2573,0.006,,
2574,0.005,,
2575,0.004,,
2576,0.004,,
2577,0.005,,
2578,0.005,,
2579,0.005,,
2580,0.005,,
2581,0.004,,
2582,0.005,,
2583,0.005,,
2584,0.005,,
2585,0.004,,
2586,0.005,,
2587,0.005,,
2588,0.005,,
2589,0.005,,
2590,0.004,,
2591,0.005,,
2592,0.005,,
2593,0.005,,
2594,0.004,,
2595,0.004,,
2596,0.005,,
2597,0.005,,
2598,0.005,,
2599,0.004,,
2600,0.004,,
2601,0.007,,
2602,0.009,,
2603,0.006,,
2604,0.005,,
2605,0.004,,
2606,0.005,,
2607,0.005,,
2608,0.005,,
2609,0.005,,
2610,0.005,,
2611,0.005,,
2612,0.005,,
2613,0.004,,
2614,0.004,,
2615,0.005,,
2616,0.004,,
2617,0.005,,
2618,0.005,,
2619,0.004,,
2620,0.005,,
2621,0.004,,
2622,0.004,,
2623,0.004,,
2624,0.004,,
2625,0.005,,
2626,0.006,,
2627,0.004,,
2628,0.004,,
2629,0.004,,
2630,0.004,,
2631,0.004,,
2632,0.005,,
2633,0.004,,
2634,0.005,,
2635,0.006,,
2636,0.005,,
2637,0.005,,
2638,0.005,,
2639,0.005,,
2640,0.004,,
2641,0.004,,
2642,0.005,,
2643,0.005,,
2644,0.004,,
2645,0.005,,
2646,0.004,,
2647,0.004,,
2648,0.004,,
2649,0.005,,
2650,0.006,,
2651,0.005,,
2652,0.005,,
2653,0.005,,
2654,0.005,,
2655,0.006,,
2656,0.005,,
2657,0.004,,
2658,0.004,,
2659,0.005,,
2660,0.006,,
2661,0.006,,
2662,0.006,,
2663,0.007,,
2664,0.008,,
2665,0.009,,
2666,0.031,,
2667,0.052,,
2668,0.048,,
2669,0.031,,
2670,0.009,,
2671,0.009,,
2672,0.013,,
2673,0.012,,
2674,0.006,,
2675,0.010,,
2676,0.014,,
2677,0.019,,
2678,0.020,,
2679,0.017,,
2680,0.016,,
2681,0.015,,
2682,0.020,,
2683,0.013,,
2684,0.008,,
2685,0.011,,
2686,0.009,,
2687,0.008,,
2688,0.006,,
2689,0.006,,
2690,0.006,,
2691,0.006,,
2692,0.005,,
2693,0.004,,
2694,0.005,,
2695,0.005,,
2696,0.006,,
2697,0.006,,
2698,0.007,,
2699,0.007,,
2700,0.006,,
2701,0.004,,
2702,0.004,,
2703,0.005,,
2704,0.005,,
2705,0.005,,
2706,0.006,,
2707,0.006,,
2708,0.005,,
2709,0.005,,
2710,0.005,,
2711,0.005,,
2712,0.004,,
2713,0.005,,
2714,0.005,,
2715,0.006,,
2716,0.006,,
2717,0.006,,
2718,0.005,,
2719,0.004,,
2720,0.004,,
2721,0.005,,
2722,0.005,,
2723,0.005,,
2724,0.005,,
2725,0.004,,
2726,0.004,,
2727,0.004,,
2728,0.005,,
2729,0.005,,
2730,0.005,,
2731,0.005,,
2732,0.004,,
2733,0.004,,
2734,0.004,,
2735,0.004,,
2736,0.004,,
2737,0.004,,
2738,0.004,,
2739,0.004,,
2740,0.004,,
2741,0.005,,
2742,0.005,,
2743,0.004,,
2744,0.005,,
2745,0.005,,
2746,0.004,,
2747,0.005,,
2748,0.005,,
2749,0.005,,
2750,0.005,,
2751,0.005,,
2752,0.005,,
2753,0.005,,
2754,0.005,,
2755,0.005,,
2756,0.006,,
2757,0.005,,
2758,0.005,,
2759,0.005,,
2760,0.005,,
2761,0.005,,
2762,0.005,,
2763,0.005,,
2764,0.005,,
2765,0.005,,
2766,0.005,,
2767,0.004,,
2768,0.004,,
2769,0.004,,
2770,0.004,,
2771,0.004,,
2772,0.004,,
2773,0.004,,
2774,0.005,,
2775,0.005,,
2776,0.005,,
2777,0.006,,
2778,0.006,,
2779,0.006,,
2780,0.005,,
2781,0.006,,
2782,0.005,,
2783,0.005,,
2784,0.005,,
2785,0.005,,
2786,0.005,,
2787,0.005,,
2788,0.005,,
2789,0.005,,
2790,0.005,,
2791,0.005,,
2792,0.006,,
2793,0.004,,
2794,0.005,,
2795,0.006,,
2796,0.005,,
2797,0.005,,
2798,0.005,,
2799,0.004,,
2800,0.004,,
2801,0.005,,
2802,0.004,,
2803,0.004,,
2804,0.005,,
2805,0.005,,
2806,0.004,,
2807,0.005,,
2808,0.005,,
2809,0.004,,
2810,0.004,,
2811,0.005,,
2812,0.005,,
2813,0.006,,
2814,0.006,,
2815,0.005,,
2816,0.004,,
2817,0.006,,
2818,0.005,,
2819,0.004,,
2820,0.005,,
2821,0.005,,
2822,0.004,,
2823,0.004,,
2824,0.005,,
2825,0.005,,
2826,0.005,,
2827,0.004,,
2828,0.005,,
2829,0.005,,
2830,0.005,,
2831,0.005,,
2832,0.005,,
2833,0.005,,
2834,0.005,,
2835,0.005,,
2836,0.005,,
2837,0.005,,
2838,0.004,,
2839,0.004,,
2840,0.004,,
2841,0.004,,
2842,0.005,,
2843,0.005,,
2844,0.005,,
2845,0.005,,
2846,0.004,,
2847,0.004,,
2848,0.005,,
2849,0.005,,
2850,0.005,,
2851,0.005,,
2852,0.004,,
2853,0.004,,
2854,0.004,,
2855,0.005,,
2856,0.006,,
2857,0.006,,
2858,0.005,,
2859,0.005,,
2860,0.005,,
2861,0.005,,
2862,0.005,,
2863,0.005,,
2864,0.005,,
2865,0.004,,
2866,0.004,,
2867,0.005,,
2868,0.004,,
2869,0.005,,
2870,0.004,,
2871,0.004,,
2872,0.004,,
2873,0.005,,
2874,0.005,,
2875,0.005,,
2876,0.005,,
2877,0.004,,
2878,0.005,,
2879,0.006,,
2880,0.005,,
2881,0.005,,
2882,0.005,,
2883,0.007,,
2884,0.009,,
2885,0.006,,
2886,0.005,,
2887,0.005,,
2888,0.005,,
2889,0.005,,
2890,0.005,,
2891,0.005,,
2892,0.005,,
2893,0.005,,
2894,0.005,,
2895,0.004,,
2896,0.005,,
2897,0.006,,
2898,0.005,,
2899,0.005,,
2900,0.006,,
2901,0.006,,
2902,0.005,,
2903,0.005,,
2904,0.005,,
2905,0.005,,
2906,0.005,,
2907,0.005,,
2908,0.005,,
2909,0.005,,
2910,0.006,,
2911,0.005,,
2912,0.005,,
2913,0.005,,
2914,0.005,,
2915,0.005,,
2916,0.005,,
2917,0.005,,
2918,0.005,,
2919,0.006,,
2920,0.011,,
2921,0.013,,
2922,0.009,,
2923,0.007,,
2924,0.004,,
2925,0.005,,
2926,0.005,,
2927,0.005,,
2928,0.005,,
2929,0.005,,
2930,0.004,,
2931,0.004,,
2932,0.005,,
2933,0.005,,
2934,0.005,,
2935,0.005,,
2936,0.004,,
2937,0.005,,
2938,0.005,,
2939,0.004,,
2940,0.004,,
2941,0.005,,
2942,0.005,,
2943,0.005,,
2944,0.004,,
2945,0.005,,
2946,0.004,,
2947,0.005,,
2948,0.005,,
2949,0.004,,
2950,0.004,,
2951,0.005,,
2952,0.005,,
2953,0.004,,
2954,0.004,,
2955,0.004,,
2956,0.004,,
2957,0.004,,
2958,0.004,,
2959,0.004,,
2960,0.004,,
2961,0.004,,
2962,0.005,,
2963,0.005,,
2964,0.005,,
2965,0.005,,
2966,0.004,,
2967,0.005,,
2968,0.005,,
2969,0.005,,
2970,0.004,,
2971,0.005,,
2972,0.005,,
2973,0.004,,
2974,0.004,,
2975,0.004,,
2976,0.004,,
2977,0.004,,
2978,0.004,,
2979,0.004,,
2980,0.004,,
2981,0.004,,
2982,0.004,,
2983,0.005,,
2984,0.005,,
2985,0.005,,
2986,0.004,,
2987,0.004,,
2988,0.004,,
2989,0.004,,
2990,0.004,,
2991,0.004,,
2992,0.004,,
2993,0.004,,
2994,0.005,,
2995,0.004,,
2996,0.004,,
2997,0.004,,
2998,0.004,,
2999,0.004,,
3000,0.004,,
3001,0.004,,
3002,0.005,,
3003,0.005,,
3004,0.005,,
3005,0.004,,
3006,0.005,,
3007,0.005,,
3008,0.005,,
3009,0.005,,
3010,0.005,,
3011,0.004,,
3012,0.004,,
3013,0.004,,
3014,0.004,,
3015,0.005,,
3016,0.005,,
3017,0.004,,
3018,0.004,,
3019,0.004,,
3020,0.004,,
3021,0.005,,
3022,0.004,,
3023,0.004,,
3024,0.004,,
3025,0.004,,
3026,0.004,,
3027,0.005,,
3028,0.006,,
3029,0.006,,
3030,0.005,,
3031,0.004,,
3032,0.004,,
3033,0.005,,
3034,0.005,,
3035,0.004,,
3036,0.004,,
3037,0.004,,
3038,0.004,,
3039,0.005,,
3040,0.005,,
3041,0.005,,
3042,0.005,,
3043,0.005,,
3044,0.005,,
3045,0.004,,
3046,0.004,,
3047,0.004,,
3048,0.004,,
3049,0.005,,
3050,0.005,,
3051,0.004,,
3052,0.005,,
3053,0.006,,
3054,0.005,,
3055,0.005,,
3056,0.005,,
3057,0.006,,
3058,0.006,,
3059,0.006,,
3060,0.007,,
3061,0.006,,
3062,0.006,,
3063,0.006,,
3064,0.006,,
3065,0.005,,
3066,0.005,,
3067,0.006,,
3068,0.007,,
3069,0.006,,
3070,0.006,,
3071,0.006,,
3072,0.006,,
3073,0.006,,
3074,0.006,,
3075,0.006,,
3076,0.005,,
3077,0.005,,
3078,0.006,,
3079,0.007,,
3080,0.006,,
3081,0.006,,
3082,0.006,,
3083,0.006,,
3084,0.006,,
3085,0.005,,
3086,0.005,,
3087,0.007,,
3088,0.007,,
3089,0.005,,
3090,0.005,,
3091,0.006,,
3092,0.006,,
3093,0.005,,
3094,0.005,,
3095,0.005,,
3096,0.005,,
3097,0.006,,
3098,0.007,,
3099,0.007,,
3100,0.007,,
3101,0.006,,
3102,0.007,,
3103,0.007,,
3104,0.007,,
3105,0.006,,
3106,0.006,,
3107,0.005,,
3108,0.005,,
3109,0.005,,
3110,0.006,,
3111,0.005,,
3112,0.006,,
3113,0.005,,
3114,0.005,,
3115,0.004,,
3116,0.004,,
3117,0.005,,
3118,0.005,,
3119,0.005,,
3120,0.004,,
3121,0.004,,
3122,0.004,,
3123,0.005,,
3124,0.004,,
3125,0.004,,
3126,0.004,,
3127,0.004,,
3128,0.004,,
3129,0.005,,
3130,0.005,,
3131,0.005,,
3132,0.006,,
3133,0.006,,
3134,0.004,,
3135,0.004,,
3136,0.005,,
3137,0.004,,
3138,0.004,,
3139,0.005,,
3140,0.005,,
3141,0.005,,
3142,0.004,,
3143,0.005,,
3144,0.005,,
3145,0.004,,
3146,0.004,,
3147,0.005,,
3148,0.004,,
3149,0.005,,
3150,0.004,,
3151,0.004,,
3152,0.004,,
3153,0.005,,
3154,0.004,,
3155,0.004,,
3156,0.005,,
3157,0.005,,
3158,0.005,,
3159,0.005,,
3160,0.005,,
3161,0.005,,
3162,0.004,,
3163,0.004,,
3164,0.005,,
3165,0.004,,
3166,0.004,,
3167,0.004,,
3168,0.005,,
3169,0.007,,
3170,0.009,,
3171,0.009,,
3172,0.008,,
3173,0.004,,
3174,0.007,,
3175,0.008,,
3176,0.008,,
3177,0.007,,
3178,0.003,,
3179,0.000,,
3180,0.000,,
3181,0.001,,
3182,0.001,,
3183,0.000,,
3184,0.001,,
3185,0.000,,
3186,0.001,,
3187,0.000,,
3188,0.001,,
3189,0.000,,
3190,0.001,,
3191,0.002,,
3192,0.004,,
3193,0.003,,
3194,0.005,,
3195,0.007,,
3196,0.004,,
3197,0.004,,
